complaint_id,consumer_complaint_narrative,true_label
1794732,"Ditech has called everyday for four days ( Tuesday, XXXX XXXX, 2016 - XXXX XXXX, 2016 ). I advised each caller that I had already spoken to someone in previous days. Today, I got two calls within two minutes of each other ( XXXX and XXXX ). Based on previous experience with them - especially with the representative XXXX 's manager -, I believe Ditech is purposefully harassing me to to force me to make promises of payment that I am not certain I can keep at this time. 
",positive
1461396,"A proposed modification agreement offered is not acceptable to us as terms and conditions are not in accordance with the government 's guidelines and parameters in modifying loans. Clauses and terms are vaque and entail more financial troubles forus in the future. Proposal offered was retroactively dated 2014. 
",neutral
1527326,"Just a little perspective for you : * It has been approximately 1530 days since my last mortgage payment on the property. 
* It has been approximately 1220 days since I informed the mortgage company ( GMAC, now bankrupt, then transferred to XXXX Bank ) of my intention to relinquish the property. 
* It has been approximately 1120 days since I moved out of the property. 
* It has been approximately 1020 days since I filed for bankruptcy and stated in my petition that my intention was to relinquish the property to the new mortgage company ( XXXX ). 
* It has been approximately 945 days since my bankruptcy was finalized and all of my debts were officially discharged including the mortgage on the property. 
* It has been approximately 640 days since the property was "" winterized '' by the new mortgage holder. At this time, they changed the locks and I no longer had any access to the property. 
* It is my assertion that on the date the bank changed the locks, they effectively took over the maintenance, care, and responsibility for the property. Prior to that time, I had continued to maintain the property. After this time, I have done no maintenance or maintained the property as it is not accessible to me. I understand that the mortgage holder and/or HOA has been maintaining the property since the locks were changed. It is my assertion that this was on behalf of the mortgage company who took responsibility for the property back in XXXX of 2013. 
My frustration at the length of time it is taking for me to officially relinquish the property continues to grow. I believe the excessive length of this process has caused me undue stress and emotional damage not to mention the continued negative hit to my credit. It has affected my emotional and physical health negatively and impacted my work, my family, my self image and my relationships. The excessive length of time is cruel and unusual exceeding industry standards of acceptable practice. This current situation due to the length of this process is unjust and punitive. I have done all within my power to remedy the situation. What is my recourse? What do I need to do to resolve this and be given an opportunity to move on with my life? 
",neutral
1555714,"I received an unsolicited letter wanting to consolidate my existing mortgage and an estimated credit card debt of {$5000.00}. The letter stated that Franklin Mortgage Solutions could lower our monthly payments to {$1400.00}. I was given a phone number XXXX to speak with my loan representative. I do not have any credit card debt nor any problems paying my mortgage. The letter is very confusing, leading me to think that I have debt! The "" Account Number '' for "" my case '' is XXXX, sounding like something from the IRS! I was given a phone number to stop receiving "" prescreened offers ''. I called that number but I was not able to ascertain whether this was a legitimate government agency! I can imagine that many people would be confused and very anxious that they were in debt. The "" new loan proposal '' to correct this "" problem '' was a 30 year fixed rate of 4.125 %. This letter is very incomplete regarding all the pertinent details. 
",negative
1587943,"maybe you can help my fiancee cur thru the red tape. wells fargo despite having the money in the account since XXXX reversed payments made to mortgage on XXXX of XXXX and its still showing unpaid. wells fargo bank had held the funds and XXXX told a bank rep that XXXX. at that time loan was showing paid it was then reversed and it is now showing unpaid. we are concerned she will be reported for being late etc. they will not apply the 7 months of pauyments sent them a month ago XXXX and they keep calling us. its beyond belief. why did this happen? the money is there and has been pay the loan as they did and then reversed it we do not know why this is written by jay for XXXX i am on her loan 
",positive
1398084,"I Applied for a loan and gave the Bank Of Arkansas everything they requested and my pay stubs that showed how many hours I Usually work per pay period XXXX to XXXX bi monthly and was in their office and verbally told them what I make monthly {$1000.00} is the Max I Can make without it affecting my XXXX XXXX so I Could purchase A House I Received A Pre Qualification Letter and A Good Faith estimate shortly after I Gave The Bank everything they wanted everything was fine then the person handling my loan asked me how old I was I Told him it was on my Drivers License he had a Copy of and I Told him Almost XXXX he replied wow you do n't look XXXX years old I Thought you were much younger! This was just at the beginning of this week XXXX/XXXX/2015 then the other day he told me that the XXXX. wanted A fee called A "" XXXX months reserves fee '' that the XXXX. wanted not the Bank so I Looked into this and found out that no one else knows what this is and the XXXX. has no such fee! He seemed to get irate.after I asked what the closing costs were but this was on Tuesday XXXX/XXXX/2015 and the closing was suppose to be done on Friday XXXX/XXXX/2015 So I Told him I Needed to know as closing was Friday! He seemed a little upset as I Looked at the contracts so on and could not find any info about the closing costs! IE : From XXXX XXXX XXXX XXXX, If you review your estimated cost summary it shows that it will take around APPROXIMATELY {$1500.00} CASH REQUIRED TO CLOSE. You also need XXXX months reserves which is about {$1700.00}. 

Your debt to income ratio should be about 40 %. Minimum Cash Payments a Month / Monthly Income. 

These are estimates. 

Thanks, XXXX 
",positive
1688124,"My husband got hurt at work 3 years ago. We have had a hard time keeping up with payments. I have started to work to help out but our payments are behind. We dont dispute that we are doing the best we can and are almost back up to date on payments. The problem is that they will call us XXXX times a day when they know we are at work and not able to answer or phones. When we do answer the phone they are always rude and telling us how what we are doing is not good enough and we just need to move out. We have been told many time that they are about to forclose and they leave this on my husbands voice mail after we told them he didnt have that number any more in hopes to cut down the calls to his number. It has got to the point that we dont want to answer the phone at all to talk with them just to be told we are not good enough and that sending our whole paychecks in to them isnt good enough. The company is Ditech. If there is something that can be done please help us. We are at our wits end with them. 
",positive
1736067,"Based on reports released, I was eligible for payments ; a borrower must have had a mortgage loan owned by the XXXX ( better known as "" XXXX '' ) or the XXXX ( better known as "" XXXX XXXX '' ). The loan had to have been serviced by SunTrust and the borrower must have applied for and started a HAMP trial with SunTrust by XX/XX/XXXX. The borrower must also qualify for at least one Victim Compensation and Restitution Plan category. However, the borrower 's loan does not need to be currently serviced by SunTrust, and it does not matter whether the borrower entered into a HAMP or alternative modification, the HAMP application was denied, or the loan went into default or foreclosure. 
( ) The loan servicer failed to adequately respond to a Qualified Written Request ( and an bona fide issue over whether there is a default or what amount was actually owed etc. ) ( 4 ) The lender or loan servicer ( agent of lender ) failed to follow the foreclosure rules ( ex. in regard to the notice of default / notice of sale / contact requirements under 2923.5 etc. ) ( 5 ) The default was "" cured '' most likely due to a modification agreement / trial plan agreement etc. 

According to XXXX This settlement resolves an investigation by the United States Department of Justice ( `` the Government '' ) into the administration of the Home Affordable Modification Program ( "" HAMP '' ) by SunTrust Mortgage , Inc. ( `` SunTrust '' ). 
The Government 's investigation confirmed, and SunTrust agreed, that there were numerous problems with SunTrust 's administration of HAMP from XX/XX/XXXX through at least XX/XX/XXXX. This included, statements to customers that were not accurate, and thousands of homeowners who applied for a HAMP modification with SunTrust suffering harms that included damage to their credit scores, excessive capitalized interest, and being prevented from making an informed choice about saving or disposing of their homes. Congress enacted the Fair Housing Act of XX/XX/XXXX in order to promote equal access to housing opportunities. The Fair Housing Act ( along with its amendments ) states that property owners, financial institutions, and landlords may not discriminate on the basis of race and national origin ( the Act also prohibits discrimination based on sex, religion, family status, disability, and more ). Specifically, property owners, financial institutions, and landlords may not take the following action ( or inaction ) based on race of the actual or potential buyer, tenant, or applicant : Refusing to rent or sell housing ; Refusing to negotiate for housing ; Making housing unavailable ; Providing different terms to different people ; Setting different conditions or privileges for sale or rental of a property ; Denying access to or membership in a facility or service related to the sale or rental of housing ; Imposing different rates and terms on a loan ; Refusing to make a mortgage loan ; and Discriminating in appraising property. Almost all forms of housing are covered by the Fair Housing Act. There are, however, several exceptions to these prohibitions. Generally, owner-occupied buildings with no more than XXXX units, single family housing sold or rented without the use of a broker, and housing operated by organizations and private clubs that limit occupancy to members do not have to comply with the Act. - See more at : XXXX 
",positive
1746647,"I submitted my loan application with XXXX Mortgage. The loan officer, XXXX XXXX, quit her employment with them and started working at GMH Mortgage. She took my financial information without my knowledge and pulled my credit with GMH. When I was notified my credit had been pulled I called GMH and talked to the XXXX. He assured me the inquiry would be immediately taken off my credit so I told him I would not pursue further action. I just had my credit pulled from another company and the inquiry is still on my credit report. The information below is copied/paste from my credit report. She pulled my credit without any authorization or verbal approval from me to do so. Her XXXX. 

Account name XXXX Date of request XXXX/XXXX/XXXX XXXX XXXX XXXX XXXX, MD XXXX XXXX XXXX XXXX Address identification number XXXX Comments Real Estate on behalf of GMH MORTGAGE SERVICES LL. This inquiry is scheduled to continue on record until XXXX XXXX. 
",negative
1713714,"Our loan was recently sold to a new company : International City Mortgage. It has been impossible to set up automatic payment through their website ( the only way they have to set up automatic payment ), despite receiving confirmation emails from them that we successfully registered for their automatic payment system. We have had to pay late fees for a few months while trying to resolve this. Phone-based customer service has been completely unhelpful and was unable/unwilling to set up automatic payments. Customer service told us that receiving confirmation emails from them, stating that we had set up automatic payments, did not prove we had set up automatic payments and therefore late fees could not be waived. Automatic payments are taken out the day before late fees are assessed, so there is very little time to send a payment if things go wrong with their system ( which, in our experience, happens frequently ). 
",positive
1629677,"Mortgage Company XXXX XXXX sold my loan to Green Tree Servicing LLC, Green Tree Servicing LLC was purchased by Ditech is now called Ditech. I have not and did not receive any information regarding this company name change and also have not received any correspondence from Green Tree Serving or Ditech in reference to my Mortgage Loan statement or Balance due since XX/XX/XXXX. I 'm currently in he process of loosing my home due from loss of income XX/XX/XXXX and have been working with Green Tree Servicing LLC since XX/XX/XXXX to resume my mortgage loan obligation since re-employment XX/XX/XXXX. Green Tree has denied me every program advertised to prevent foreclosure. I am currently working with Indiana XXXX XXXX XXXX and very positive this is my last chance to save my home due to working with clinic exploring all prevention possibilities that my own mortgage servicer could not or would not. It has been very difficult communicating with Ditech, there mission is to Foreclose on my home and not work with me now that I am employed and can resume monthly payments. 
",negative
1671364,"Wells Fargo Student Loans : I am a recent college graduate paying back student loans. I have XXXX in total all different lenders. Wells Fargo does NOT work with you. I have been late on my payments due to not being able to afford paying back my student loans at times. 

Issue causing distress : * Wells Fargo immediately reports a late payment to the credit company if you are a day late with payment ( other student loans do not do this you have a 30 day grace period before they report it to credit ) *I will call in and tell them I ca n't make my due date but can make the payment the next day and still get a late payment sent to my credit. 
* On top of the late payments being sent to credit if you are past your due date they will call you 10+ times a day every day ... even if you answer the phone to tell them to notate your account that a payment will be made on a given day they say "" this will not stop the calls '' and the calls continue to happen until the payment is made. They will also call your Co-Signer and your Co-Signer will get the 10+ calls a day ... my grandma can attest to this. 
*I had also requested an automatic payment form to be sent to me at least a dozen times before I was adamant to stay on the phone with a rep until it was received in my inbox so I can fill out and send back ... 

I do n't believe Wells Fargo is fair with their lending. Student Loans should not affect your future. Lenders should be willing to work with you they should be for your future and not against it because they want to make a {$.00} I do n't believe it 's right for a student loan company 's ( this one in particular ) to report a late payment to the credit company a day after their missed due date just to affect their credit more when they are trying to work with the lender to make their payments. They should have a grace period like other student loan lenders. It sets students up for failure in the future when it comes to applying for homes or other things that matter in life ... it 's hard enough that we have to go to college pay {$50000.00} + to graduate and have to re-pay that back right away job or not and not have a lender work with you on payments. 
",negative
1593036,"I signed up for a mortgage with PNC. They provided an acceptance letter. Days before the closing they called me and told me that I no longer qualified for a 30 year mortgage due to "" debt to income ratio '' which had not changed since the initial approval. They told me that I now only qualified for a 7 year ARM mortgage ONLY. This information was broken to me days before closing. I had no way at that point of obtaining a new mortgage within a few days. I was so scared that I would lose my deposit that I was essentially forced into accepting the terms. Now, with the rate changing I stand to potentially have to pay much more money in interest when I am forced to refinance in 7 years. 
",neutral
1554248,"In XXXX 2015 mya mortgage was sold from XXXX to Seterus, owing no more than {$160.00} on principal, then Seterus did send to me a letter of welcome but with no information about the money that I did owe on the mortagage, they ask me for a payment of {$3600.00} wich was send it to them on XXXX, then i ask for a pay off cuote and they required from me another payment for the amount of {$3500.00} wich was send it to them on XXXX. I was told by them that this payment was to pay the XXXX tax of 2015. They did not pay tax and send me a refund for the amount of {$2300.00} wich happens to be exactly the same amount of escrow that was transfer from XXXX to Seterus. So there is a balance of at least {$3500.00} that should be returned to me as well. I been calling them every other day and every time they have a diferent answer and bottom line they dont want to refund that money so I hope you could help me a on any way to recover my money that Seterus wants to keep with no rights to retaining it, I do believe that there is some type of discrimination toward me because i don speak perfect englishXXXX. Thank you so much for your time and your attention to this matter. 
XXXX XXXX 
",negative
1473957,"i have been XXXX and put in perpetual poverty by these people ... .first XXXX a huge problem came up due to school not properly filing with the state and it took a year to get it fixed so i could get my date to test at that point no one would hire me and employers asked if i was willing to go take classes to be hired the classes are so expensive i could not. plus the fact they had me take out an in school loan for uniforms, special books and XXXX i had to make weekly payments and if i did not they would harass me and tell me if i dont pay i would not be allowed in the payments were {$50.00}. 
second time was XXXX in which they were not accredited to teach it but the worst part is i was not of sound mind when they forced me to sign and the all document 's prove it as they are different dates my father was XXXX ill he did die XX/XX/XXXX, i had told them this but the rep XXXX XXXX would not leave me alone she called at least 9 times a day to make sure i was coming in to sign paperwork and pay the fee to hold my place. XXXX XXXX XXXX grad placement manager and XXXX XXXX caby campus president even the finance officer XXXX XXXX knew because all i did was cry when i was there these people should be held accountable for the mental abuse and financial strain they have put me in not one of them ever said you should wait til you are in a better position in life but all they wanted was money. the reps got commision off of each student they placed i know this because i confronted the president of the campus XXXX XXXX caby she became so agitated by the statement she advised i would be in trouble with the school if i continued making statements i could not back up. 
i went to XXXX ( at XXXX XXXX XXXX XXXX XXXX mo XXXX ) under XXXX. i have never been able to get a job with this so called degree in fact they sold the school due to lawsuits to XXXX ( owned by the XXXX family trust & XXXX & XXXX ) for {$1.00} buck i was told the class credits would transfer that was a lie the teachers for the most part where less than professional the staff was worse the so called reps where thugs calling several times a day if you did not sign up with them im in debt to the tune of $ XXXX and no one can help and all anyone does is talk about the list of schools you have here no one has mentioned the guys and they are all over check out high tech institute owned by chubb and anthem edcu group they both have filed chapter XXXX bankruptcy which means at some point this ugly snake will re appear as something elsei have a letter from XXXX this was XXXX as we all know this letter was dated XX/XX/XXXX it states that ; you received this form because a Federal Government agency or an applicable financial entity ( a lender ) has DISCHARGED ( canceled or forgiven ) a debt you owed, or because an identifiable event has occurred that either is or is deemed to be a discharge of a debt of {$600.00} or more. now keep this in mind because i was working i was laid-off off on XX/XX/XXXX they have been garnishing my wages every pay period plus took money from my severance per casenet. someone want to tell me where this is legal and they have refiled with the company i worked for wanting to know why they are not getting any money they were sent back i was terminated, i want my {$690.00} back you cant have your cake and eat it too. i have tried and so has my attorney tried to contact this XXXX about this letter and the fact they continued to take my money however she refused to talk to me because i have an attorney due to the lawsuit we filed against XXXX. 
",negative
1567848,"I now have a judgement against me from XXXX, XXXX, XXXX, XXXX XXXX XXXX XXXX for private student loans totaling they say for {$130000.00}. That is the lump sum they want or {$800.00} a month payments which I can not afford either. I have tried working out arrangements with them and at first they would take a {$100.00} a month but since I was not able to right then and I asked for paperwork for proof of my payments they wont accept that now they want those big amounts. They also wanted to raise my payments each year by a bunch and I could not say it was okay because I am unemployed and due to circumstances I will not be able to return to work. I have XXXX children to feed, cloth, and raise I simply can not afford that so I am begging you for help!!! These private student loans are killing me and others and shortly my Federal loans are coming up. I am currently on a financial hardship for them. 
",negative
1590702,"XXXX XXXX ( Borrower ) XXXX XXXX XXXX XXXX, XXXX XXXXXXXXQuicken Loans ( Lender ) XXXX XXXX XXXX, XXXX XXXX Whom It May Concern : My name is XXXX XXXX and I am writing this letter to file a complaint against Quicken & Loans. They are currently my mortgage lender for my property XXXX XXXX XXXX XXXX, XXXX XXXX. My loan number XXXX, my HUD file number is XXXX and mortgage insurance case number is XXXX. Quicken & Loans is apparently not allowing me to close my escrow account. This is a direct violation of your guidelines. First let me give you some background information on the loan. In XXXX XXXX, XXXX I closed on my house, my mortgage payment was {$2600.00}. I requested an escrow analyst in XXXX XXXX, XXXX, which turns out I was paying too much on my mortgage. So on XXXX XXXX, XXXX they reduce my mortgage payment to {$2300.00}. Then in XXXX XXXX, XXXX I qualified for a refinancing, which I accepted because my APR was at 4.01 %, and it was going down to 3.75 %. On XXXX XXXX, XXXX my mortgage went down to {$2200.00}. So everything was great until my XXXX and XXXX XXXX taxes kicked in for XX/XX/XXXX. Apparently Quicken & Loans has outsourced their tax department to another company. Which I was not aware, because they stated in my refinance closing documents, that they where going to handle the taxes and insurance of my property. Which they were n't truthful about and if I knew they where not going to handle my taxes and insurance I would have closed the escrow account. Also Quicken & Loans was fully aware that I have a tax abatement with XXXX. This was the reason why I purchased the property in the first place. Some how Quicken & Loans and their third party ( Tax ) vendor, screwed up with my taxes and it turns out I owe Quicken & Loans {$3900.00} dollars. Since I could n't pay the {$3900.00} dollars up front, so I agreed to have it included in my mortgage. Now I went from paying a mortgage from {$2200.00}, to {$2700.00}. In XXXX XXXX, XXXX ; I paid {$3200.00} just for the escrow account, plus I made my regular monthly mortgage payment {$2200.00}. Then in XXXX XXXX, XXXX I made a another payment of {$3200.00}, the break down was for {$1500.00} for the escrow and {$530.00} was for the Principal of the loan and {$1.00}, XXXX was for the interest. Now between my payments of {$3200.00} plus {$1500.00} equals {$4800.00}, this more then enough to cover the {$3900.00} for the short fall of Quicken & Loans and their third party vendor XXXX up. So now in XXXX XXXX, XXXX my loan payments are up to XXXX ; Why? If I just paid off the short fall? Again according to XXXX & Loans they are not collecting enough on my taxes. So remember I just paid {$2700.00} for the month of XXXX and XXXX of XXXX. Then I send them another {$1400.00} for the escrow again so my payment from XX/XX/XXXX - XX/XX/XXXX, drops to {$2500.00}. Then in XX/XX/XXXX I get another notice indicating there is another shortage for {$1500.00}. So I paid my monthly mortgage that went up to {$2800.00} in XXXX XXXX ; and again I paid another {$1400.00} for the shortage again. Now my month mortgage for the month of XXXX XXXX is {$2600.00}. Now according to your guidelines I am not required to have an escrow account. I am request that Quicken & Loans honor my request by closing the escrow account. The reason for my request is, I can do a better job of paying my own taxes and insurance on my own. However, Quicken & Loans just told me over the phone that I can not close my escrow account unless I refinance with them. This crazy ; just because I have FHA loan and according to your guidelines there is nothing stating that I have to refinance in order for me to close my escrow account. I am requesting an investigation into my case and also requesting that Quicken & Loans close my escrow account. 
Thank you for your help in this matterXXXX XXXX 
",positive
1451151,"To whom it may concern I received terrible service with mortgage department I 'm on loan modification the last was to come on the XXXX this month of XXXX instead XXXX came out of my account. The above happen XXXX on XXXX/XXXX/15 and XXXX/XXXX/15. after several months and XXXX different account managers I finally got loan modification and now still the employees are not doing their job and paying. Unfournately this the normal with bank of America they want you to lose your home. Tired and stressed out. 
",positive
1462013,"I wanted to reduce my mortgage by removing pmi. After struggling with moving money from bank to bank, I was able to make another 10 % payment to Stonegate Mortgage. I had put 10 % down on the house and with the 10 % payment, was at least 20 % of original loan. The whole goal was to reduce my mortgage by approx. {$200.00}. Not only has my pmi not been removed, I was told that I had to pay an additional {$110.00} to request a broker document before they remove the pmi or I have to wait years until the loan value is 78 %. They just gave me a bunch of other things to do. The problem is I work 14+ hour days every day ( XXXX hours just driving from XXXX to job ), and am at the limit for bankers bs. They took my money, which I can not invest, I told them the intent was to reduce pmi. Now they want to charge me more money before removing pmi even though I have paid the 20 %. 
",positive
1553870,"I did a refi/streamline on my home loan in XXXX, received my payment coupon for XXXX which said 0 due and I will attach this, when I received my payment coupon for XXXX it said that I missed my XXXX payment and now owed a double payment, I called the company and faxed in the payment coupon they had sent me, I also texted my loan officer, they called me a couple of days later and apologized but that that coupon was for the previous loan and not the new one and they were sorry that I did n't get the correct coupon but that the XXXX payment was still showing late and that they could n't change it and that I still owe the double payment, this is affecting my credit and is not fair to me the consumer, the lady from Carrington apologized and said she felt bad but that there was nothing she could do. I followed their payment coupon and now I am being penalized for their mistake 
",neutral
1310636,"Ocwen has lost, misplaced, or misposted over XXXX worth of payments from XXXX to present. We have also been charged for a forclosure that never actually occured ( {$14000.00} in fees that were supposed to removed with the XX/XX/XXXX loan modification ). We have provided bank statements on XXXX separate occasions ( and XXXX different escalation specialists ) that provide confirmation that ocewn received and accepted our payments ( however Ocwen states we never made the payments even after we furnished proof that we had ). they are reporting us 90 days behind and we are not, we should actually have {$3000.00} in a suspense account? We have been bounced around for XXXX months to different escalation specialists and there is still no resolution. We need help! 
",neutral
1656171,"Reference case # XXXXXXXXBank of America 's reply. On the document they attached to my previous complain it states on page XXXX, under instructions and notice to debtor ( item XXXX ) "" The law requires you take certain steps to make sure the decision is in your best interest. IF THESE STEPS ARE NOT COMPLETED, THE REAFFIRMATION AGREEMENT IS NOT EFFECTIVE, EVEN THOUGH YOU HAVE SIGNED IT. ) Step XXXX. If you were represented by an attorney during negotiation of your reaffirmation agreement, you must have signed the certification in Part XXXX - This was never completed by my attorney, Bank of America never had a representative during the meeting with the Judge at that time, nor did First Franklin. That 's why several of the steps were not completed and when they submitted the Foreclosure of the property they stated they were trying to get the note signed again. 

I had my attorney present at that time representing me and was when she presented me with the reaffirmation documents she had me signed them but she never completed them, as you can see no where in any of the documents Bank of America submitted has or had my attorney 's signature or any representative from the court. 
",neutral
1489254,"I am requesting a new home to be replaced by JP Morgan Chase Bank!! My property was XXXX XXXX XXXX, XXXX, New Jersey and I was wrongfully foreclosed upon by Washinton Mutual, JP Morgan Chase Bank! XXXX XXXX is a female veteran who served her country and I am waiting for full restitution and a mortgage free home immediately! I applied to XXXX XXXX XXXX loans and they in bad faith did not give me the second mortgage I needed to keep my home. I am seeking monetray damages for the emotional distress that this placed me under. Washington Mutual failed to modify my loan as well, when I requested a loan modification! 
",negative
1630388,"My daughter passed away on XXXX XXXX, 2015. She died from XXXX. She died intestate, my grandson asked me to be the estate administrator, so I hired an attorney and began the probate process in XXXX 2015. 
after her passing, I found out she had not paid her mortgage since XX/XX/2015.However, I could not take any legal actions ( list/sell the house, discuss issues with the lender ) until the court approved my letter of administration. It took over four months to get the court 's approval. I received my letter of administration in XXXX 2015. 
I listed the property with a real estate agent. She was not able to find a buyer. I recently hired a new real estate agent. he is actively marketing the property. We had XXXX open houses this week. However, interested buyers are very reluctant about entering in to a contract on a home with a scheduled foreclosure of XXXX XXXX, 2015. 
",positive
1726825,"We sold our home. During the closing process, our title attorney requested, and received, a payoff letter from Suntrust Mortgage. On receiving this letter, he noted that there was a typo in the through date provided at the start of the letter, but not in the terms listed at the bottom. Given the nature of the transaction, he verified with Suntrust that the payoff amount was correct and the typo would not effect the closing of our home. Suntrust Mortgage assured him that the payoff amount stated in their letter was correct and nothing would hold up the closing of our home. Our attorney verified this on at least 3 occasions, and so we proceeded with the closing and paid Suntrust in full according to the payoff quote Suntrust had given us. 

The next day, our title attorney contacted us stating that Suntrust was demanding an additional XXXX dollars. As we had been assured on several occasions that the payoff was correct and our attorney seemed unclear on why, exactly, Suntrust was requesting additional money, we called Suntrust Mortgage to speak to a representative about this request. After several hours of back and forth and general confusion, we were told this XXXX discrepancy was due to the typo that we were assured would not be an issue. 

After another few hours of explaining this situation over and over to different reps, all who seemed unable or unwilling to forward us to their legal department to dispute this and, instead, continued to inform us that this money was owed because of a typo that we were fully and excruciatingly aware of at this point, we were informed that Suntrust was very sorry that they had made this mistake no less than 4 times over the period of a month but they are issuing a new payoff quote. 

They have yet to issue a new payoff or, in accordance with their own terms also set forth on the initial payoff quote, refunded the over {$100000.00} paid to them so that we can issue them another check. Until this matter is resolved, we can not close on our new home. 
",positive
1702462,"We have been trying to a modification on our property for 3-4 years and still have not been settled. Started with CitiMortgage. First attempt, "" denied '', income too great. They looked at previous years, not the reduced income to occur in the immediate future. Second attempt, "" denied '' currant on payments, we were told we would have to get behind in payments, which we ended up doing. Third attempt, they lost paperwork and we were told we had to get currant with payments. We could not do that and they would not accept partial payment. they said all or nothing. Then it went into Forclosure and we found out it that XXXX turned the loan over to Seterus as the new servicer of the loan. It went into court for a Foreclosure date. Seterus agreed to attempt try for modification. XXXX requested that we go thru XXXX to assist us. we went thru the program and took the financial help class. We received approval and final modification documents, Took them to XXXX, signed them, notorized them and they were sent back. Payments to begin XXXX XXXX, XXXX. Tried to get auto pay set up for payments. Denied for that process, informed that figures in final modification documents were incorrectly calculated. were in the process of correcting and sending out the new documents. in the meantime went to Foreclosure court on the XXXX of XXXX XXXX. House was turned back over to XXXX. Received XXXX documents that evening. Signed, notorized and sent back that day. Been informed by Seterus that them documents figures are still incorrect again. we are still waiting receipt of the XXXX set of documents. Told it would be middle of XXXX, with XXXX payment of XXXX XXXX. We have continued to make our trial payments since XXXX XXXX. Also informed that none of the payments are credited toward the loan itself. Still do n't know if XXXX documents will be correct. This process has been a burden and stress on the family. I feel that this process has gone on long enough, longer than anyone else that I know that has went through a modification. Nobody knows what else I can do, or other actions to take. ( ie Lawyers and financial advisors ) 
",negative
1579800,"HELOC account involved in short sale XX/XX/XXXX. Republic Bank still reporting to my credit that it is late even after the bank charged it off XX/XX/XXXX. Stating payments of $ XXXX per month with {$28000.00} past due. During settlement, they got {$3000.00}. Prior to that I gave them XXXX and XXXX. I did everything I could to stay above water. I had several mortgages with them totaling over {$500000.00} and paid them all off. The HELOC funded those mortgages. Called Republic the other day and have had to call them back again and spoke with XXXX representatives, XXXX tried to get screen shots of my credit and the other, debt collector, did n't disclose as such and tried to get my divorce decree and said that once child support order is over for my exhusband he has a motion to garnish his retirement waiting. Needless to say, my husband and I got divorced over this, he left his job of 20 some years as he had to have high security clearance, we have lived in poverty with XXXX kids, they wiped out my bank account XX/XX/XXXX. They said the XXXX is missing. When I asked for an appraisal years ago, it too, was missing. I have a feeling the property was over appraised in the first place in order to facilitate me getting more mortgages with them. The second representative said I was faced with paying or bankruptcy again. I did n't file the first time when I easily could have, ditching about {$500000.00} worth of loans with them and I did n't. I paid them XXXX a month on that loan for many years. This is never going to end. I am trying to get into a low income housing program, and I ca n't because of this thing on my credit. Foreclosure would have provided me more protection. I bailed it out of foreclosure at least once in hopes of selling it, I rented it out trying to buy time, etc. At the time, Republic was so fierce and yelling at me all of the time. I have emails documenting some of that. They would call my husbands work about collections which is why he left. They were very difficult to work with trying to come up with a settlement. I also have those emails from the short sale person. I have managed to turn things around for the kids and I but now this is back. 
",negative
1780139,"Realtime Resolutions is reporting a Duplicate Loan From XXXX XXXX XXXX. I have contacted and filed a complaint against XXXX XXXX XXXX for the same loan. My records indicate that my last payment was over 7 years however they are still reporting this account. 
",negative
1563127,"I have an urgent situation where I am doing everything I can do to save my home from XXXX XXXX XXXX who has very recently sold my mortgage to Selene Finance in order to avoid their obligation to me under the XXXX Loan Modification mandate and numerous representations and promises made directly to me over the last two and one half years by XXXX XXXX XXXX. I am the "" XXXX for the Pattern of Deception that XXXX XXXX XXXX has employed to avoid completing a XXXX Loan Modification on my primary residence that the bank unilaterally started back XX/XX/XXXX when the bank contacted my Chapter XXXX Bankruptcy attorney to get his permission to "" make me a special offer '' ... ..which I accepted and have faithfully submitted everything that the bank has asked for over and over, again and again, over the last two and one half years. 
During the last two and one half years XXXX XXXX XXXX has told me that "" I met all the criteria '' for the XXXX Modification, "" that if I get XXXX modification, that I would get all XXXX '', as I had XXXX mortgages with XXXX XXXX XXXX at the time, ( the bank gave me a XXXX modification on my Arizona rental home ), was told IN WRITING, "" that all of my appeals were valid '', "" your mortgages DO QUALIFY for a XXXX modification '', and as recent as XX/XX/XXXX was told by the Vice President of Customer Resolution, XXXX XXXX, "" that the only XXXX issues that are keeping you from obtaining your XXXX Modification are valuation and income '' ... XXXX XXXX concurred that we adequately addressed XXXX those items in my most recent review, yet, instead of approving the XXXX Modification XXXX XXXX XXXX XXXX decided to sell my mortgage to a third party investor that is serviced by Selene Finance XXXX Selene Finance just told me that they do not offer the XXXX Modification and they just offered me a horrendous "" modification '' that I can not afford and that is nothing like what was represented or promised by XXXX XXXX XXXX. 
What is particularly egregious is that XXXX XXXX XXXX intentionally interfered with my Chapter XXXX Bankruptcy by telling me that "" I met the criteria '' for a special modification under the XXXX where my principal would be reduced 39 %, all of my back payments would be forgiven and my new interest rate would be 2 %. The bank went out of their way to get me to accept their "" special offer '' and to take the path that the bank had wanted me to take rather than other options that I had at the time. Furthermore, I told my single point of contact, XXXX XXXX that "" my # 1 concern was my primary home and should I just apply for the XXXX Modification on that mortgage? '' XXXX XXXX, told me, "" No, you should apply for all four mortgages at the same time, because if you get XXXX, you will get all XXXX. '' I detrimentally relied on that direction from XXXX XXXX XXXX because ultimately I was approved for the XXXX Modification on an Arizona rental property which was not important to me, and to make matters worse, XXXX XXXX then tells me that the approval of the XXXX modification on the rental property changed my ratios so now I was not qualified for my primary home!!! I did exactly what the bank told me to do! I accepted the bank 's offer. I took the path that the bank had wanted me to take. Now, in retrospect, it 's crystal clear that XXXX XXXX just wanted the XXXX XXXX XXXX XXXX mortgages to be OUT of my Chapter XXXX Bankruptcy and the bank did approve the smallest loan but did not approve the other XXXX mortgages and have been pushing me to do short sales on the other XXXX ever since ... ..in fact, I did do a short sale on one of my rentals as a good will gesture on my part hoping that it would help save my primary home. I ended up losing over {$500000.00} on that property and now XXXX/Selene Finance wants to force a horrendous "" modification '' onto me or foreclose on my primary home. 
",neutral
1717170,"i gave a rep XXXX who told me i would be able to get XXXX of equity out of the house when i closed. i did not get the money and was told rental income was reported on my mortgage without any signed leases that i am aware with. 
",negative
1511696,"In XXXX 2015, I received a letter from CHASE saying I was pre-approve for a home loan. Since I needed to get a refinance loan for my XXXX Mortgage with CHASE, I decided to meet with the CHASE representative in XXXX XXXX. I paid XXXX dollars for the appraisal and I want a refund of this money since I was assured the loan ( on XXXX XXXX, 2015 ) was a positive based on the material and documents I submitted. The appraisal came in at XXXX on XXXX XXXX, which was more than enough since the loan was for less than XXXX. On XXXX XXXX, 2015 I was informed I could get the loan if I came up with XXXX. As I informed the representative I would not have paid the appraisal if I knew in advance I needed to an extra XXXX dollars for the loan. 
Subsequently I applied with another Bank, XXXX ( XXXX XXXX ), and was able to refinance thru them. 
I did sent a XXXX page letter to the representative with attached documents supporting my claim and he inform me via e-mail they could not refund my appraisal fee. CHASE has not responded in writing regarding my refund. 
",positive
1578954,"We purchased our home in XXXX. In XXXX my husband, who is the mortgage holder, became permanently XXXX. We began having difficulty making our mortgage payments and since then we have exhausted all of our funds i.e. IRA 's, Stocks etc. in order to make our mortgage payments but unfortunately the last mortgage payment we were able to make after exhausting all of our funds was in XXXX XXXX. Since then Wells Fargo has begun foreclosure proceedings. We have had our first foreclosure conference so far and the XXXX conference is scheduled for XXXX XXXX, XXXX. During the XXXX conference, the referee told us that we had to apply for a loan modification but in order to be approved we had to increase our income. I explained to her that I am seeking employment but that right now our only source of income is my husband 's social security XXXX income I also informed her that we can access my husband 's pension early if we choose to and that in XXXX XXXX, I can retire at age XXXX. The referee said that we should include in the modification request, proof of how much additional income we will be getting with my husband 's pension and with my social security, which we did. A Wells Fargo representative called today stating that our modification request was denied because a ) our investor does not participate in HAMP. When we first got our mortgage, it was a XXXX XXXX mortgage ( who does participate in HAMP ) but I was told that it has since been sold and the investor now is XXXX ( XXXX, who does not participate in HAMP, ) and B ) our income is too low. I asked how it was determined and I explained again about the pension and retirement income but he said that those amounts could not be taken into consideration because we are not yet receiving that income. I would also like to add that we do not have major credit card debit, we do not have an auto loan ( our car is 8 years old, ) and the only reason we are in this position is because my husband became ill. He is an end XXXX. He is XXXX. He is currently in a XXXX and will be coming home hopefully within the next month after having been in XXXX on and off for almost a year. We do not want to lose our home that we worked so hard for and we are respectfully asking if there are any other options for us. We have not yet received a formal denial letter for a loan modification. A Wells Fargo representative called me today by telephone to alert me of the denial. 
",negative
1333060,"We took out a loan. We noticed that our principle reduction over-payments were credited to future monthly payments. I went to the branch, spoke to an officer who told me that he would fix the misapplication of the over-payments and rightfully classify them as principle reduction. As the payments are auto paid from a savings account at the same bank I did not examine a statement until over a year later. At that time we saw that our payments were applied until XXXX. I went into the branch where we took out the mortgage, spoke to the manager who did not understand the misapplication and fixed the issue. 
However the bank has not been transparent about the way it reapportioned the interest. I requested several times that they send me a statement showing that if they applied the principle reduction correctly, the interest paid each month would go down slightly every month, which is not shown that way on the statement they sent. 
After XXXX months and several emails with the branch manager and several calls to the mortgage department they have not responded to my request. I request that USBank provide a statement transparently showing my payments and interest paid in the format as follows : DATE BALANCE PAYMENT PRINCIPLE REDUCTION INTEREST BALANCE as this is the way all financial institutions show history. 
",positive
1538997,"Dear CFPB, Over the past year I have made multiple complaints to the CFPB regarding unlawful activity by loan servicer CitiMortgage. I am disappointed that the CFPB has failed to take action despite blatant disregard for the law. 
Most recently, CitiMortgage sold my home while I was protected by a Chapter XXXX bankruptcy filing ( and still am ). To date, they have not rescinded the sale of my home and have flagrantly abused the bankruptcy rules. 
At the time that the foreclosure sale was conducted on XX/XX/XXXX, CitiMortgage failed to comply with the XX/XX/XXXX Real Estate Settlement Procedures Act ( Regulation X ) and Truth in Lending Act ( Regulation Z ) Mortgage Servicing Final Rules. 
Although the coborrower assosciated with this loan has excellent credit and excellent wages, CitiMortgage has REFUSED to assist us. Beginning XX/XX/XXXX I requested the name of the creditor, the amount due, the date of default, the location of the note and any assignments so that I could validate/verify the debt. CitiMortgage refused to comply. 
Although CitiMortgage would have been paid in FULL- CitiMortgage REFUSED to provide accurate payoff amounts ( XXXX conflicting amounts ), refused to reveal the date of default, refused to provide the location of the note so we could review the note, and refused to provide the name of the creditor ( XXXX is not a creditor under TILA ). We had the option to sell our home if good title could be assured, could have refinanced the mortgage or paid off the mortgage in full. CitiMortgage stonewalled our attempts to do so. Furthermore, CitiMortgage claimed they would provide reinstatement numbers but failed to do so. 
Interestingly, CitiMortgage pursued foreclosure. In doing so, XXXX ( the guarantor ) received fewer proceeds because of the actions of CitiMortgage. The house sold at auction for XXXX whereas, we were willing to refinance or reinstate for a minimum of XXXX. Therefore, CitiMortgage 's actions resulted in XXXX less than they would have received had CitiMortgage had worked with us to satisfy any debt. 
Prior complaints I have filed include : * a revoked traditional ( in-house ) loan modification that was revoked without reason after I made the three timely payments in violation of the TARP agreement. I provided the 'approved repayment plan ' documents. CitiMortgage claimed that XXXX would not approve the modification but an inhouse modification does not require Fannie Mae approval. 
*CitiMortgage held our modifications in a suspense account for XXXX years instead of applying the funds to our account in violation of Regulation X. When I asked for these payments back after XXXX years, I was told that they had applied them to my account. These payments were made to modify a loan and should have been returned upon refusal to modify loan. 
*In violation of Regulation X, CitiMortgage has refused to follow good customer policies. I requested assistance XXXX XXXX to pay off any debt. Instead of assisting me to satisfy any debt, CitiMortgage engaged in poor customer service policies including stonewalling. 
Under Regulation X I had a right to obtain : the date the loan became delinquent, the creditor, an accurate payoff amount, and good customer service. 
It has now been over XXXX years since I made my last loan modification payment to CitiMortgage. 
Other issues we have had over the duration of this loan include : * CitiMortgage filed XXXX false proof of claims in my prior bankruptcy claiming they were the lender when they were only a servicer. The submission of fraudulent claims holds up to a {$500000.00} violation per incident. 
*CitiMortgage filed legal documents claiming to be the lender/creditor in court documents when they were merely a loan servicer. 
*CitiMortgage claims to have acquired the loan by merger when CitiMortgage merely acquired servicing rights for the underlying mortgage note. 
",negative
1414609,"My mortgage is held with Umpqua Bank. Formerly, Sterling Bank. Since the time Umpqua took over all Sterling clients and loans, my mortgage payments have been messed up. In XXXX 2015, as I normally do, I mailed my mortgage payment, it was cashed by Umpqua Bank on XXXX/XXXX/15, ( proof of the payment is available and was sent to Umpqua Bank ). Then in the beginning of XXXX I received a call and mail from Umpqua Bank stating my mortgage was XXXX days behind and they sent me loss mitigation paperwork. Not knowing if they were accurate, I authorized XXXX immediate payments. I then went home to research whether or not I made my XXXX payment and found out by my records and my XXXX XXXX that not only was my payment made, it was cashed. I immediately phoned Umpqua Bank back, they asked me to fax a copy of the check, which I did on XXXX XXXX and they would get back with me. By Monday XXXX XXXX, no one had called, so I called again. I was told redirected to XXXX different people, I was told they were working on figuring out the issue and because I was a former Sterling customer, they would take up to XXXX additional days to resolve. To date, I have made a total of XXXX payments since XXXX, they have no resolution and they have derogatorily affected my excellent credit. I was told this was happening to many Sterling customers and there was nothing they could do. I provided proof and have NEVER missed a mortgage payment. I believe they have violated numerous laws and I feel as if NO ONE is protecting us from this bank. I would like to have this entity step in and resolve these issues, get refunds for me and other borrowers affected as well as correct our credit reporting. I do believe if I do n't get resolution, I will hire an attorney. Fair Credit Reporting Violations, Misappropriation of customer funds and an inability to have accurate accounting of my mortgage payment and reserve account are all things that I have been advised are part of the Consumer Protection, are n't they?? 
PLEASE ADVISE WHAT THE NEXT STEPS ARE AND WHAT WILL BE DONE FOR RESOLUTION. 
",positive
1756825,"XXXX XXXX from Contour Mortgage ( http : //www.contourmortgage.com/ ) violated RESPA rule multiple times when he handled the mortgage for me from XXXX to XXXX 2015. I received Good Faith Estimate ( see attachment, the interest rate was 4.0 % ) on XXXX XXXX when I began the loan application. I got the mortgage approval package on XXXX XXXX. I had a phone conversation with XXXX on XXXX XXXX and I clearly stated I was not ready to lock the interest rate because my condo application was still pending although XXXX did advice me the rate might go up soon. After i received condo approval on XXXX XXXX, I contacted XXXX to find out the latest interest rate, he told me he locked the rate for me on XXXX XXXX at 4.125 %. He did not provide any form of written notice about the date he locked the rate or the rate % throughout the entire process. He did not provide me a revised GFE since the rate he locked was higher than the original GFE. He attempted to charge me {$1600.00} for the rate extension cost which he had no proof which date he locked the rate and which date he extended the rate to. 
1 ) He failed to issue revised GFE after the rate was locked and the locked rate was higher than the rate stated on the GFE. he locked the rate without my consent. 
2 ) We exchanged email on XXXX XXXX that he confirmed he extended the rate until the closing date XXXX XXXX XXXX ) but he did not mention anything about the cost. XXXX day before the closing when he finally provided closing statement, lock rate extension cost of {$1600.00} was added on closing statement that consider as changed circumstance, he again failed to issue a revised GFE. There was no breakdown or explanation on how the extension cost was calculated. I confronted him about adding the lock extension charge on closing statement, he said my option was to transfer my paperwork to other banks and adjourn the closing if i was not willing to accept the fee. My opinion was he purposely delay to provide the closing statement until the very last minute. I had to emailed bank attorneys, laid out all of his wrong doings for him to take out the charges. However, it did not undo the violations how he handled my mortgage and taking advantage of me being first time buyer and not familiar with the process and regulations. 
Throughout the entire process, GFE was provided only once before loan application was approved. Interest rate was not stated on commitment letter even though the rate expiration date was stated as XXXX XXXX, 2015. Extension cost should not be incurred before XXXX XXXX or a revised GFE should be issued. 
3 ) The home insurance agent he referred which he said was a great quote ( i did purchased but later on cancelled ), was 2 times more expensive with half of the coverage of what I have my current policy now. 
I tried to escalate the case to Contour Managing XXXX XXXX, after a minute on the phone with him, he put me on hold of 5 minutes ( my guess he was talking to XXXX on the other line ), he came back saying XXXX went above and beyond to provide good service to me, that XXXX even paid out of pocket for part of the extension fee. This was either a big fat lie or someone had made a terrible mistake and try to cover his base. It just demonstrate XXXX manager aware and approved of his violations. 
Moreover, the final rate I was forced to lock was at least 0.125 % higher when i compared with other banks. 
",negative
1469064,"We had a mortgage with Bank of America when my husband lost his job. He was unemployed for 2 years so we filed a forbearance on the mortgage. We sold the house to satisfy the loan and closed on the last day of the 30 day grace period BOA offered us ( XX/XX/XXXX ) and satisfied the loan in full. We were NEVER even 1 day late on a mortgage payment for this loan. Our credit reports have been showing the mortgage on the home as being delinquent for more than 120 days since XX/XX/XXXX even though it was paid in full within the allotted time frame. 
I corresponded with Bank of America and have XXXX letters from BOA showing the loan should not have been marked as delinquent and the letters note BOA submitted corrections to the credit agencies. I have written and telephoned all XXXX credit agencies and the loan is still showing delinquent, even 14 months after selling the home and having BOA send the correction letters. 
On XX/XX/XXXX XXXX XXXX at Bank of America called and she told me BOA contacted all credit agencies and corrected the discrepancy. She believed the discrepancy would be gone after XX/XX/XXXX but it is still showing on my credit report as of XX/XX/XXXX. 
I do n't know what else to do - I have worked with BOA and they said they have done all they can do. I have worked with all XXXX credit agencies and they say the negative data they are getting is from BOA so they ca n't make the change. I have attached supporting documentation including the XXXX letters from BOA and the XXXX page from today showing the loan is marked as a 'negative ' account and delinquent ( but closed ). 
Please help me resolve this problem. I am hoping to purchase a home this fall and can not have this discrepancy in my credit file as it is bringing down my credit score. Thank you. 
",positive
1483958,"The Lender U.S Home Capital, LLC. XXXX XXXX, XXXX XXXX, NJ XXXX owe me a refund of {$2900.00}, this money was paid at closing for Upfront PMI. I found out in XXXX of this year that my mortgage was not insured with the FHA, I contacted XXXX Mortgage which was the lender that my mortgage was sold to a couple months after we closed. I contacted XXXX Mortgage, they 've acknowledged my claim was legitimate and a refund was issued to me for all the monthly PMI payments that was posted on my account. The last time I spoke to U.S Home capital XX/XX/XXXX, they had promised to request {$2900.00} from HUD, and now they wo n't return my phone calls, emails, I 've made numerous attempt to resolve this matter peacefully, it has been four months, they still have n't giving me the status of my refund. 
",negative
1317752,"My loan was bought out by American Education Services recently. I have XXXX loans with them ; XXXX at high interest rate, XXXX at a low interest rate. They intentionally put the extra principal amount toward the cheaper interest rate ; which is now LAW and they are legally breaking the law and STEALING from me. I should not even have to request for them to pay my loans correctly and they are mandating that I set this up with them. How many other people are they legally stealing from? They should be put out of business for this shady practice. Criminals. 
",positive
1659865,"Our home owners insurance is made with our monthly payment to Ocwen financial service. The invoice from the insurance company is sent out in XXXX, and is due XXXX XXXX. As is the case this year and the past two years, Ocwen does mske the payment prior to the home owners insurance policy lapses. 
",neutral
1420403,"Home was sold.. citi mortgage was my lender.. was trying to do a new loan modification. After wife had gotten hurt 2 years ago ... have had XXXX different representative since XXXX of last year. Felt like I was getting a complete run around with them.. never called on times that I had available. 
",positive
1779322,"Please see attached letter to Wells Fargo Home Mortgage and documents of proof, copies of MY DEEDS of Full RE-CONVEYANCE, I DO NOT HAVE A MORTGAGE WITH WELLS FARGO. 
Below I will mark making payments because the account number did not exist and when I went to Wells Fargo to make payments, the account did not appear on screen, so the agent would enter my name and take the payment. One day the agent just told me look XXXX XXXX this is not a Wells Fargo Account. Check with them to see why they are sending you statements. I knew I did not have a Mortgage and that my home would not have appraised out for that amount, and if I refinanced XXXX times as they contended, where was the Money? I did not at any time have a Mortgage with Wells Fargo nor did I refinance with Wells Fargo ever. ( See attached proof of deeds of Full Re-Conveyance ) 
",neutral
1441554,"On Wednesday, XX/XX/2015, I went to my local SunTrust Bank branch to discuss the possibility of taking out a mortgage loan to buy a house. This is the branch located at XXXX GA. I was just in my information gathering stage of my house purchasing process.

The representative I spoke with asked me for my social security number to verify my identity as I bank with them too. I explicitly told her that I do DO NOT want my credit pulled. When I'm ready to purchase a mortgage loan, I'll have my credit pulled then. However, to avoid hurting my credit scores, I XXXX checked with her that my credit would not be pulled. Rather, I was just seeking advice and information only without a credit pull. She assured me that it would not be pulled. Towards the end of our conversation, she said she'd pass my information to her loan officer and he'd be in contact with me.

Towards the end of the night, I get an email from XXXX stating that my credit had been pulled that night. All XXXX of my bureau's had been pulled by SunTrust Bank that night. The next day, I called back to the branch and spoke with the same rep. She stated that she never pulled my credit and the loan officer must have. I expressed my disapproval  as I explicitly stated that I did not want my credit pulled. She apologized and stated that she could and would easily remove the inquiry off of my credit bureaus. The SunTrust loan officer gave me a call later that day stating that he was never told to not pull my credit. I stated that I never gave any authorization to do so. He did not have much to say about the topic.

I want to emphasize that I never gave authorization, verbally or written, to have my credit pulled by SunTrust Bank or anyone else. I would like the credit inquiries on all XXXX of my bureaus removed. Thank you.",positive
1753999,"PennyMac took my XXXX XXXX mortgage payment of {$1600.00} and applied it to late fees and then put the rest in escrow. Then they reported my mortgage as being 30 days late causing my credit score to drop XXXX points. When I called them on XXXX XXXX, XXXX, the rep I spoke to acknowledged what they did, apologized and said she would fix everything including reporting to the credit bureau that I was never late. All she said was I owed {$180.00} in late fees which I paid on the spot. I could hear her boss in the backroom agreeing with everything she was saying to me. The next day XXXX XXXX I paid my XXXX payment of {$1600.00}. That afternoon I started receiving calls that my mortgage was late and I called them back every time. They called on the XX/XX/XXXX, XX/XX/XXXX, XX/XX/XXXX, XX/XX/XXXX, XXXX, XXXX, and now today the XXXX. Every call was XXXX plus minutes long stating everything that was taking care of on the XXXX XXXX call. Everyday but today they have said oh ok, we will make a note of this and it will be fixed. With the exception of today, today the rep tells me, that the conversation never happened on the XXXX even thought I asked her several times to review the recording tapes and that I still owe {$1300.00} for XXXX payment. 
Obviously no one there knows what they are doing and as the customer I am getting the raw end of the deal. 
The women I am speaking too now is telling me I am wrong about everything and I owe an additional {$1300.00} before all this will be fixed. So now the payment I made for {$1600.00} for my XXXX payment was again applied to late fees. 

This company obviously does not know what they are doing and should not be handling my mortgage. 
",positive
1393725,"I would like to file a complaint. I have received several letters via Certified Mail from NationStar Mortgage stating that I could opt to have a face to face meeting with a representative to discuss options concerning my loan. I have made more than several attempts to set up this face to face meeting for the last month and a half at least. I have received nothing but the run around from each person that I talk to. Someone was supposed to email me, and then someone was going to call me, but I have yet to hear back from anyone regarding my calls to set up the meeting. 

I get different responses from your Representatives from, "" We do n't do that '', to "" I have never heard of it. '' I read them the letter that I received and had to sign from coming out of the Texas office. The representatives all need to be on the same page. Does n't look good for the business when the information being given does not match going from person to person in the office. 

If no one is going to actually set up the face to face meeting and it is not an option, STOP SENDING ME CERTIFIED MAIL TELLING ME TO CALL TO SET ONE UP! 
",negative
1739339,"Hello, I need help. Wells Fargo claims I have a delinquent payment, but I have had auto pay on my account for 12 years and never missed a payment. They continue to claim I owe it and call constantly to collect. I have asked them to tell me the payment I missed, and I would pay it. But they can not. My complaint has been open for over 100 days, and sent to XXXX escalation departments. But no one as been able to tell me what date I missed my payment. And now they are not returning my calls at all 
",neutral
1776138,"I 'm filing this complaint because I have been unable to resolve my concerns with my mortgage company about the way the length of time that it consistently takes for my mortgage company Freedom Mortgage ( unfortunately not by choice ) to process all of the payments that I 've made & sent to them on time -- at least 1 week in advance. 

For whatever reason, it is completely impossible for me to contact customer service in any form to try to get an explanation as to why it takes 2+ weeks for my payment to arrive at the payment address supplied by Freedom Mortgage. I am extremely fearful that Freedom Mortgage will assess late fees & cause me to "" dispute '' the charges, as they are willfully slow and unwilling to find a proper solution. 

After waiting on hold for nearly 15 minutes this morning, I reached a customer service agent at ( XXXX XXXX XXXX -- the number listed for new applicants. I had to "" sneak '' my way into the queue by calling that number since calling ( XXXX ) XXXX as is recommended for current Freedom Mortgage clients resulted in 3 automated hang-up calls this morning, after I entered & verified all of my current loan information. Emails to the only address that I can find, XXXXXXXXXXXX go unanswered repeatedly. I emailed another inquiry this morning & fully expect to be ignored again. 

I simply want to know why the processing is so slow & where I need to mail my payment for faster & more efficient service. I was told this morning by customer service that they use the U.S. Postal Service, and it is their fault for processing delays. 
",negative
1711748,"I have encountered a serious problem with my escrow account with Home Point Financial, Mortgage XXXX XXXX. XXXX. This loan settled on XXXX XXXX, 2015. 
I was notified on XXXX via my Annual Escrow Account Disclosure Statement that my escrow account was short by {$1700.00}. The loan is not even XXXX XXXX XXXX yet, and there is a serious shortage. 

Home Point states that even if I pay the shortage, my monthly mortgage payment will increase from {$1400.00} to XXXX. This will create a serious hardship on my ability to pay my mortgage. 

I contacted my Loan representative XXXX XXXX, Home Point Financial, who researched this problem and informed me that XXXX XXXX XXXX XXXX XXXX XXXX failed to include the City of XXXX XXXX XXXX in my mortgage loan and that has resulted in this serious shortage in my escrow account. 

Because of this failure by XXXX XXXX, I have been placed in a serious financial hardship with my mortgage. 


The loss I will suffer from this mistake is as follows : {$1700.00} escrow shortage {$1500.00} additional amount required in monthly mortgage payment for 1 year ( New loan amt. {$1600.00} - old loan amt. {$1400.00} = {$120.00} * 12 ) {$3200.00} Total loss 
",negative
1755788,"I have auto payment set up with my credit union to pay my mortgage loan service company. I saw online at the credit union website that an attempt failed on the mortgage payment but it looked like enough funds were in place for the payment. I called the mortgage company and they reported the payment was cleared so I thought the check cleared. If they would have reported a returned check I would have paid on the phone on the XXXX of the month. Meanwhile payment is considered late on the XXXX of the month. Later I saw the check was returned but by this time I was past the grace period and had to pay a late fee and returned check fee. 
",neutral
1706701,"I recently refinanced my mortgage with Chase. This took about four months. The process included many egregious mistakes on Chase 's part. I spent over two weeks dealing with a loan processor who could n't understand that she was looking at someone else 's file. They dragged out the process with numerous mistakes and miscommunications. This forced an extension of my rate lock ( which I warned them was going to happen ). Dealing with the underwriting department was a nightmare of incompetence and passive aggression. At the closing they insisted that I pay them {$3500.00} to extend the rate lock after earlier acknowledging that this extension was their fault. In addition, the attorney representing chase - XXXX XXXX - told me over three times that my first payment would be due on XX/XX/XXXX. At the closing this was completely revoked. 
",positive
1477769,"I have a loan with Seterus Inc. Loan number XXXX. I always pay on tine and never missed a payment. Last month in addition to my monthly payment of {$240.00} I transferred {$35000.00} in intent to cover part of my principal. Seterus, instead of covering my principal, transferred the money in to so-called Suspense account. I called them to make sure that they transfer the money from this account to my principal. They promised to do that, but of course never did. It is convenient to them to keep my principal higher in order to charge me more interest. This first telephone call I made was on XXXX/XXXX/2015. Since then I was calling 2 times a week to see what has been done. So far nothing has been done and they just feeding me promises and telling how hard and how long it takes to transfer the money from one account to another. So now after a month I have no choice, just to look for your help. 
Thank you so much for your help in advance, XXXX XXXX 
",negative
1311980,"Today I received a Notice to Vacate my property despite the fact that I am currently in litigation with XXXX and XXXX. Additionally, I filed a Notice of Rescission which neither organization filed an action in court to challenge as required by law and the recent Supreme court decision. This is now the XXXX entity/ company working as agents for XXXX and XXXX contacting me via mail or in person harassing or attempting to intimidate me. 
",negative
1573132,"Citibank sent the cosigner, my mother, a letter demanding full payment of my private Citiassist loan which startled her almost to a state of shock. They claimed after repeated requests I 've failed to make required payment on the loans. Citibank claims the loan charges off after 120 days. I have a past due balance of less than XXXX and paid them a monthly payment less than thirty days prior. When I called and asked why only my cosigner received this letter, the flustered correspondent sent me to an escalation specialist ( # XXXX ) who refused to explain anything and literally only asked when I would like to make a payment for the full due balance and never answered for their dishonest attempt to shake down my mother behind my back. 
",negative
1676627,"I attempted to obtain a HARP Loan Modification from Merrill Lynch Mort XXXX.. 
In XXXX 2015, I submitted an application to XXXX, ( XXXX ) an approved U.S. Department of Housing and Urban Development Counseling Center located in XXXX Florida for assistance in obtaining a Loan Modification from Merrill Lynch MortgageThis was my second attempt for a Loan Modification under the Making Home Affordable Program. The first time was in XX/XX/XXXX through XXXX XXXX And XXXX XXXX XXXX, ( XXXX ) located in XXXX XXXX XXXX, Florida. 
In both instances the Merrill Lynch Mortgage Company would not communicate with the HUD counselor and contacted me directly which caused quite a conflict. 
In XX/XX/XXXX, I contacted my assigned counselor, XXXX XXXX at XXXX to determine the status of my Loan Modification request since it had been over two months since I had submitted my documents. I was told by XXXX XXXX that the counselor from Merrill Lynch would not call her back. 
After going back and forth with XXXX XXXX and not getting any where I contacted Merrill Lynch Directly. I was assigned a counselor to work with, XXXX XXXX, ( she remembered me from my previous request ). With her assistance and guidance I resubmitted all requested documents. On XX/XX/XXXX a completed package was submitted and received on XX/XX/XXXX. At that point my Mortgage was three months in arrears. I asked XXXX XXXX for advice on paying the arrearage, she told me she had received all of my documents and it appeared as if I could qualify for the modification and not to pay because if approved the payment of the arrearage would not be necessary. The approval would give me a 2 % interest rate under the HARP program that we were seeking approval for. 
I believed her because when I initially contacted Merrill Lynch I was told that during the processing period for the Loan Modification I that payments did not have to be made and they could be placed back into the balance of the loan. 
I took her advice and did not pay such a big mistake. 
On XX/XX/XXXX, I received a denial letter with demand for payment of all back payments or the loan would go into foreclosure. 
My purpose for seeking the Loan Modification was to reduce my mortgage payments and maintain my home. 
Adhering to the advice of Merrill Lynch 's counselor, XXXX XXXX XXXX, has created a financial hard ship for me. 
Increased Mortgage payment of {$2400.00} monthly not including taxes or insurance. 
Quarterly increases in Mortgage PaymentsInability to pay Utilities TimelyNegative Impact on credit ratingMerrill Lynch would not give me any consideration even though up until this year with my financial hardship and struggle there was never a late payment. 
After the {$5200.00} was paid in XXXX, the balance of the arrearage was added to the future monthly payment. The payments are on time each month however, Merrill Lynch has the audacity to call me to make sure that the payments are made. 
My situation as far as a financial hardship is permanent. I am still retired with a re\\\reduced income. 
There will be no increase in my retirement benefit this year. 
Based on the unfavorable decision from Merrill Lynch and the financial burden and mental anguish that has been placed on me I am seeking your advice for proceeding a Loan Modification under the HARP program. 
",neutral
1660008,"1- My monthly mortgage payment for XX/XX/XXXX was {$1200.00}. I sent in a check in the amount of {$1800.00}. As you can clearly see on the check and on my monthly payment coupon I had stated that I wanted an extra {$600.00} to be applied towards the principal payment. Ocwen failed to apply all of the {$600.00} dollars towards the principal and only applied XXXX towards the principal. XXXX not sure where the other {$19.00} XXXX was applied to? 
2- My monthly mortgage payment for XX/XX/XXXX was {$1200.00}. I sent in a check in the amount of XXXX. As you can clearly see on the check and on my monthly payment coupon I had stated that I wanted an extra {$650.00} to be applied towards the principal payment. Ocwen failed to apply all of the {$650.00} dollars towards the principal and only applied {$620.00} towards the principal. XXXX not sure where the other {$22.00} XXXX was applied to? I have tried to resolve this and many other issues with my so called relationship manager XXXX XXXX, I have talked to her a couple times on the phone but every time we have talked she says that she is unable to pull up my account on her end. She had requested that I fax her some of my payment coupons and that she would be able to get everything taken care of. After I did she has never returned any of my calls or e-mails. 
",negative
1625873,"Payments are held and/or destroyed by automated processing equipment. My payments are "" made months ahead of time '', "" I am not behind ''. I made XXXX payments in XXXX for XXXX, XXXX, XXXX. & XXXX, XXXX payments were processed, XXXX was lost. All XXXX payments were in the same envelope. Last week XXXX XXXX I made XXXX payment again. Mailed first class to local XXXX address. M.O. for {$1000.00} & Personal Check for {$280.00} total equaled my required monthly payment of {$1200.00}. Ditech does not show receiving this payment. 
Back in XXXX XXXX Ditech held my payment until a late charge was due. In XXXX XXXX Ditech refused to credit my XXXX XXXX payment because XXXX late charge was due. Instead of crediting my payment Ditech put the payment in unapplied funds. They said they did that and would not apply the payment until the late charge was paid. My Deed of Trust says all payments shall be applied as follows : Late charges are last in line. The Deed of Trust does not give Ditech authority to not apply payments if a late charge is due. This company is not applying payments on a timely manor and is creating late charges by holding checks and the automated equipment is not working properly and is destroying checks. 
",positive
1596335,"I have Private Student Loans with Navient my co-signer is a US Veteran XXXX from approximately from XX/XX/XXXX-XX/XX/XXXX in XXXX. My initial loans were generated in XX/XX/XXXX because my course of study was not covered by Federal Loans ( so I was told ). The amounts of the loans were XXXX at 5.25 % generated on XX/XX/XXXX and {$4000.00} generated on XXXX/XXXX/XXXX. When I graduated, I had to request forbearance because my husband was unemployed, and I was handling some of my stepson 's bills, paying rent and I could not afford to pay the loans back. I told them at the time that since my stepson was XXXX I had to cover some of his bills and mine and was financially strained so I asked for deferments and forbearances. My step-son left the military and was without a job in XX/XX/XXXX. My husband and I had to support him for about 2 1/2 years. We had pay cuts due to the financial crisis and I asked for a hardship forbearance. They told me I had used them all up but that to protect my account I could make interest only payments. So I did. I was very stressed with all the federal and signature loans and financially strained. In XX/XX/XXXX I was diagnosed with the beginnings of XXXX XXXX. In XX/XX/XXXX I started XXXX. I had XXXX in all from XX/XX/XXXX through XXXX XXXX. I had contacted XXXX XXXX to obtain a medical deferral and/or forbearance which they say they granted. When I finished my treatments late in XXXX I was behind on many of my bills and I had to start paying student loans with XXXX XXXX / Navient. I told them that I was still struggling financially and they said they would work with me that I could set up post-dated payments under a new program they had and once again they stated this would protect my account. I was never told the program was not approved and I thought they acted in good faith as I had considering I had been through a XX/XX/XXXX of living XXXX. When I got my credit report I saw that all the time they cashed payment which to me is representative of a binding agreement they never protected my account. They reported lates ( several ) on my credit report and that of my stepson. My stepson was denied Federal employment and I am burdened with still maintaining him financially at some capacity due to the negative reporting by Navient. I even pleaded with them to release the co-signer and they refused. In XX/XX/XXXX, I spoke to an attorney and I had to raise the money to file bankruptcy. It took me almost a year. I filed on XXXX XXXX and the loans were discharged on XXXX XXXX. The 5 months of bankruptcy the accounts were protected under the stay. I started paying again. I have asked Navient to correct my credit and they refuse. They have damaged my credit and my stepson though I acted in good faith. They are charging me and my stepson 6.25 % on XXXX of the loans when the cap for those deployed under SCRA is 6 %. They are refusing to adjust that as well. They were already sued by the Dept. of Justice for violations of the SCRA $ XXXX dollars. I am asking that my credit file and that of my co-signer be fixed since it is full of errors. They lie and are refusing to do so. I have filed complaints with other regulatory agencies. I am adamant when I say I want all files repaired to show the payments and deferrals that were made/granted. To date the loans have increased due to fees, late payments to a whopping {$15000.00} and {$6600.00} respectively. This is what reflects on my credit file. That is an increase of approximately {$5000.00} and {$2600.00} for the other. This is usurious and abusive. They are taking advantage on the situations of individuals and in the process also ruin their creditworthiness intentionally. They have no regard for agreements made on the phone with customer service. What I really wish to happen is to have the Credit Reports fixed finally with all CRAs and in addition have my Step-Son released 
",positive
1508714,"XXXX : XXXX University, XXXX, NC. 
XXXX XXXX gave me a predictably uncollectible loans at the age of XXXX. I had no credit history to speak of, no collateral, and XXXX of debt was taken out in my name - without my consent over the years XX/XX/XXXX-XX/XX/XXXX. I no longer can pay. XXXX calls me multiple times a day and they just called the crisis line at my work which i happened to be on to receive their call. This constitutes calling a third party line as it was just by chance I was working the crisis line. My coworkers often are staffed on this line and if they continue to call they will be contacting my coworkers about me. They also did not obtain this crisis line number from me. It is also highly inappropriate to call a crisis line used for mental health emergencies to collect debt. 
",neutral
1650672,"In XX/XX/XXXX I filed bankruptsy due to my husband passing away on XX/XX/XXXX. Our income came from his sources and when he passed away, it cut my income more than half. The Lawyer that done my bankruptsy was banned from ever doing bankruptsies again, because he messed up so many people including me.He failed to get me to sign reaffirmation papers for my car and my home, but i did not realize it till XX/XX/XXXX, when it was to late to sign reaffirmation papers. It has been reported to credit bureaus that i have not paid my notes for months, and that is not true, I have proof I never missed a payment formy house or car, someone suggested I contact you for advise. 
My mortagage co is XXXX XXXX XXXX, But XXXX XXXX has taken it back over. Its bad enough to file bankruptsy without false information being sent to credit bureaus. I am begging for my life to be corrected, please can you help me? 
My car is financed at XXXX XXXX XXXX. 
I will be waiting for your decision. Thank you. 
",negative
1674748,"About 2 years ago I became XXXX. In XX/XX/XXXX I had to have a XXXX. My wife struggled to keep up with the mortgage and did so until XXXX 2014 when we started to fall behind. By XXXX we were about {$4000.00} behind and foreclosure was started on XXXX. I was awarded XXXX in XXXX and received back pay in XXXX. When we contacted Seterus we were told that it would cost us over {$11000.00} to stop foreclosure and make everything fine. After speaking to a few attorneys we agreed to pay them. They told us that the {$11000.00} would make us current including XXXX mortgage and would cover all legal fees. We then paid XXXX mortgage early. On XXXX we received another notice stating that we owe another {$3800.00} due XX/XX/XXXX. We probably will not be able to make that payment since Seterus took the majority of the back pay I received from XXXX. I believe these piranha will continue to extort money from us until they succeed in taking our home! PLEASE HELP!!!!!!!! 
",neutral
1399093,"Around XXXX/XXXX/2015 I found a website ( XXXX ) that had a tab that said mortgage help. I clicked on the tab and it had a phone number so I called it to see if I would qualify for a mortgage. I spoke to a lady named XXXX XXXX from Premier Mortgage. I explained that my credit score was n't that great that I had about a XXXX but that I had around {$10000.00} that I could put down and that I had proof that I have paid my rent and utilities on time for the last XXXX years. I informed her how much that I made and that although according to their calculations I could make larger monthly payments that I wanted a home that would cost around {$500.00} a month for the house payments. She had me fill out a bunch of paperwork and said that she could approve me for a mortgage for up to {$95000.00} at 5.75 % but I needed to show proof that I had the funds for closing costs and a down payment. She gave me the account info that I needed to deposit the money into and I did on XXXX/XXXX/2015. She had me deposit it into an account for XXXX XXXX XXXX. She had informed me that all of the money was refundable except 2 % if for some reason I did n't find a house or back out of buying a home. On XXXX/XXXX/2015 I found a house that I wanted and my offer got accepted on XXXX/XXXX/2015. I informed XXXX that I found a house and that the closing was set for XXXX/XXXX/2015. She said ok she would work on the mortgage and would finish getting all the details worked out for me. On XXXX/XXXX/2015 I did a house inspection on the home I was going to buy. Around XXXX/XXXX/2015 XXXX informed me that there was some issues with the mortgage and that we would need to push back the date til the middle of XXXX. I said that was fine and pushed back the date til XXXX/XXXX/2015. On XXXX/XXXX/2015 she informed me the only way the she could get me a mortgage for the house was if I paid 30 % of the mortgage as a down payment. I informed her that she had known from the beginning that I would n't have 30 % and that I just wanted my money back. I waited the weekend for her to contact me back and she never did so on XXXX/XXXX/2015 I tried to call her and every time it went to a automatic voicemail stating that the person at that number was n't accepting calls. So I tried another number I had for her but that XXXX had been disconnected. I continued trying to contact her with no result. I have contacted my local police and filed a report. I have also contacted the bank that I deposited my money into to inform them about the account which I was informed that the account is still open but they really ca n't do anything to help me. I have informed my bank about the situation and they stated they would do an investigation. So far I have not gotten any information back from anyone. 
",negative
1436569,"My loan was transferred from XXXX XXXX XXXX on XXXX XXXX 2015 to nationstar mortgage. I sent A payment in to nationstar in the amount of XXXX which they received on XXXX XXXX 2015, they never posted it to my acct untill XXXX/XXXX/2015. My loan was paid in full due to sale of my house on XXXX XXXX 2015 .and the payoff did n't refeflect the XXXX payments I had to pay more at closing. My complaint is I have n't recieved that XXXX that was supose be to refunded to me as of today XXXX/XXXX/15. 
",neutral
1632008,"On XXXX/XXXX/15, I mailed my regular fixed rate mortgage payment of {$3100.00} to Rabobank NA at XXXX XXXX in XXXX XXXX, California XXXX via personal check number XXXX. Rabobank did not deposit the check until XXXX/XXXX/15. It appears that Rabobank recently changed its mailing address to XXXX XXXX XXXX in XXXX XXXX, California XXXX and the delay in depositing was likely due to that change. Rabobank charged me a late fee of {$150.00} because it says that I supposedly did not make the payment until after the payment was late. That is not true, though, because I made the payment on XXXX/XXXX/15 and the payment was due on XXXX/XXXX/15 and was late after XXXX/XXXX/15. When I call Rabobank 's customer service department, they tell me there is nobody who can discuss this matter with me because their policy is to NEVER waive late fees under any circumstance whatsoever. I do not understand how or why Rabobank can charge me a late fee merely because of their unilateral decision to delay depositing my check. I am further frustrated by the fact nobody has authority to waive the late fee that they wrongly charged under these circumstances. 
",positive
1353098,"I requested XXXX XXXX via XXXX that PMI be cancelled on my loan on XXXX XXXX, 2015, by letter, and again on XXXX XXXX, 2015, via website. The reply implied that in 10 business days, there would be a response. On XXXX XXXX, I again contacted the lender through its website stating that I had not had a response at all. I still have not had a response. 
",negative
1444120,"Navient really needs to be looked into. I was with XXXX until XXXX sold the loans to Navient. Never did XXXX charge me any late fees for being less than a month late. Plus, the amount Navient charges is exorbitant. Navient is a predatory lender. I would have never taken out any student loans, if I had known I would have to deal with such a company. 
",positive
1673318,"in 2012 I received notice from chase mortgage that my insurance underwriter moved out of XXXX My mortgage, in effect, doubled. It was approximately 4 to 5 months that had passed when I realized this had occurred and my payments were being held in suspense and I was being penalized. I paid a higher rate for several months, being assured that everything would be okay at the end of that period. It is not. I am in an escrow spiral I can not get out of and they are demanding over XXXX dollars a month starting XXXX. 

I am a mother of XXXX kids. It is XXXX. They will not be receiving payment. I have tried several times to pay them and they will not accept anything less than this amount. 
",neutral
1844643,"On or about XXXX XXXX, XXXX, the XXXX purchased the residential real property located at XXXX XXXX XXXX XXXX XXXX XXXX, XXXX, Arizona XXXX ( the "" Property '' ), a single-family residence of less than XXXX acres, used as a dwelling, for {$120000.00}. ( See XXXX County Assessor 's Office Printout reflecting that the Property is a XXXX square foot residence. ) The XXXX financed the purchase of the Property with XXXX mortgages from Countrywide Home Loans , Inc. ( "" Countrywide '' ) totaling {$100000.00} ( the "" First Mortgage '' ), and {$18000.00} ( the "" Second Mortgage '' ) ( collectively the "" Mortgages '' ). ( See Deed of Trust, recorded in the XXXX County Recorder 's Office on XXXX XXXX, XXXX, at document number XXXX, and Deed of Trust, recorded in the XXXX County Recorder 's Office on XXXX XXXX, XXXX, at document number XXXX, BOA acquired Countrywide in or about XXXX, thereby acquiring the Mortgages. 
On XXXX XXXX, XXXX, the Property was sold in a trustee 's sale, with a bid from a third party purchaser. ( See Trustee 's Deed recorded in the XXXX County Recorder 's Office on XXXX XXXX, XXXX, as document number XXXX. BOA has wrongfully misrepresented to the XXXX that they remain obligated on the Mortgages and has pursued further collection of the Mortgages from the XXXX. In fact, the XXXX have learned that, despite the trustee 's sale of the Property on XXXX XXXX, XXXX, BOA has wrongfully continued to report to the XXXX credit bureaus that the XXXX Mortgage is active and delinquent. 
Simply put, under long-standing Arizona law, the XXXX have no personal liability on the Mortgages, and BOA has no legal right whatsoever to collect, or to pursue collection, of any further sums from the XXXX. Pursuant to Arizona law, the borrower under a purchase-money mortgage secured by a single-family home on XXXX acres or less that is limited to and utilized for a single onefamily dwelling can not be held liable for a deficiency ( a ) following a trustee 's sale ; ( b ) in an action on the note ( regardless whether a trustee 's sale has occurred ) ; or ( c ) in a judicial foreclosure action. 
Here, because the Mortgage was used to purchase the Property, the Property is XXXX acres or less, the Property is limited to and utilized as a single one-family dwelling, and the Property was sold in a trustee 's sale, BO A 's sole source of recovery on the Mortgage -- the Property -- has been extinguished. BOA, thus, has no legal right whatsoever to seek collection of the balance owing on the Mortgage from the XXXX ' remaining "" assets ''. 
More specifically, XXXX provides, in pertinent part, as follows : If trust property of XXXX acres or less which is limited to and utilized for either a single one-family or single two-family dwelling is sold pursuant to the trustee 's power of sale, no action may be maintained to recover any difference between the amount obtained by sale and the amount of the indebtedness and any interest, costs and expenses. Thus, a single-family home on XXXX acres or less that is limited to and utilized for a single onefamily dwelling qualifies for anti-deficiency protection pursuant XXXX. 
Here, as discussed above, the Property is less than XXXX acres and is utilized as a single onefamily dwelling. Thus, the home constitutes Qualified Property. Further, as discussed above, the Mortgages were used to pay a portion of the purchase price for the Property. Thus, the Mortgages constitute Purchase Money Mortgages secured by Qualifying Property. As a result, XXXX patently apply to the Mortgages to "" obliterate '' any personal liability of the XXXX on the Mortgages. Since the date of the trustee 's sale BOA has consistently misrepresented to the credit reporting agencies that the XXXX Mortgage remains an obligation for which the XXXX are liable. 
",negative
1487401,"XXXX transfered my service after I finally got a fee removed that was waived in XXXX. It took nearly two years of arguing back and forth. Now Seterus has my loan staring XX/XX/XXXX. Once again they are not only recharging same fee but added house preservation fees. XXXX fees XXXX for XXXX and ond for XXXX. They have me as asking for modification which I did not. I have no access to my loan. They have hung up on me serveral times. XX/XX/XXXX I called and the automated line said it was temporarily closed? They say they removed my request for mod? I never said I was in a hardship. And my modification incentives are not found. All fees are for sMe date XX/XX/XXXX. I had a previos complaint with XXXX on tnis site for same issue. This fee is on my loan tax form as waived. I contacted XXXX and they said it should not be ghis fee was waived on there records when loan was transfered. Three years of ongoing problems. I think there trying to push me out of my modification. 
",negative
1539404,"We currently have a 15 yr FHA loan with Loandepot. We started a refi to a 15 yr conventional loan to remove the MPI. We finally signed loan docs on XXXX XXXX, 2015 and was supposed to fund by XXXX XXXX. We were told not to make our XXXX payment. To date, it has still not funded. I instructed them not to do an appraisal unless the loan was fully approved. An appraisal was done in which we paid {$390.00}. I finally made my mortgage payment as not to be in a 30 day late status with the credit agency. I have spoke to our loan officer as well as his manager and still can not get an answer. They have held us up from refinancing our loan with any other lender because we would have to pay out of pocket again for another appraisal. Also, we would not be able to get the interest rate ( 3.25 % ) which is what the interest rate was at the time we started our refi. I have never heard or experienced this action. I always assumed once loans docs were signed and notarized that the loan would fund by the date indicated. What can we do at this point? 
",neutral
1331039,"After ten years having this mortgage on my XXXX condo I have been unable to satisfy OCWEN that I have sufficient insurance through the condo association. No matter what contact person or insurance documents me or the condo association and their insurance agent provide they are never satisfied and have now purchased an additional flood insurance policy on my condo for the sum of {$830.00}. I believe this is ridiculous and an attempt by the mortgage company to create an additional income source. 
",negative
1762632,"We have an equity line of credit with Citibank that we receive monthly statements. Today we checked our credit and saw that we have a delinquency for an account that we have never used. We called to inquire and they said the term of the account is up ( 15 yrs ) XXXX/XXXX/XXXX and the {$48.00} fee is to pay for the lean release. We have never received any request to pay for the fee or notification that the line of credit is up. On page XXXX of the statement which is on the back of page XXXX and looks boiler plate it was pointed out that it says '' agreement is mature XXXX/XXXX/XXXX '' yet the statement on the front where all the information does not mention anything, nor does it mention that we are past due for the fee, nor does it mention clearly that the account is mature. We have received a statement for every month which means since the "" maturity '' we have been mailed a statement from XX/XX/XXXX, XX/XX/XXXX, XX/XX/XXXX which does not say anything about the maturity on the front of the paperwork. Nor the request for the {$48.00} fee. If we had not run a credit report we would still not be aware of this issue. 
",neutral
1806030,"REAL TIME RESOLUTIONS IS CONTACTING ME ABOUT AN {$84000.00} BILL FOR A PROPERTY I DO NOT OWE 
",negative
1669359,"I have asked US Bank to immediately correct their credit reporting of Loan # XXXX and to stop sending me monthly bills and late notices. The Bank accepted a Deed-In-Lieu-of-Foreclosure which was completed on XXXX XXXX, 2015 yet they continue to send me a monthly bill for this property and continue to report an outstanding balance and late payments on my credit report IN OBVIOUS VIOLATION OF THE FAIR CREDIT REPORTING ACT. The Bank accepted the Deed-In-Lieu-of-Foreclosure and subsequently agreed to release my obligation but they continue to harass me endlessly with statements and reporting my credit incorrectly. 
",positive
1801098,"I own a condo in a building on the beach in XXXX. The HOA maintains a master flood policy on the condo building. I have a home equity line of credit with Bank of America of less than {$96000.00}. The home equity line of credit was approved for a loan modification in XXXX XXXX. ( Not part of this complaint, but the modification is still not finalized due to BOA 's inability to function as a financial institution in a timely and competent manner. ) My complaint is that BOA has charged me lender-placed flood insurance premiums even though I have more than once provided them with the Flood Policy Declarations issued by Nationwide Insurance every year. Our HOA provides more than is required for the flood policy. The flood coverage meets BOA 's lending requirements. I have had numerous phone calls and repeatedly faxed the proof of insurance to BOA, but the issue of BOA removing incorrectly charged lender-placed flood insurance from my account has still not happened. In addition, it appears they have changed the property address per letter dated XXXX XXXX, XXXX. The correct property address is XXXX. In letter dated XXXX/XXXX/XXXX they changed it to my XXXX address. 
Please note my complaint is for 2 years : The Nationalwide flood insurance policy for my condo covers 1. XXXX - XXXX and 2. XXXX - XXXX I have never had a lapse in coverage. It appears BOA has charged me, after my phone calls trying to resolve, {$3400.00}. I should be charged XXXX. I have always had sufficient or above sufficient flood coverage and have NEVER had a lapse in coverage. I have provided Bank of America the policy information but BOA has not processed the information correctly. It also appears BOA is changing policy effective dates, addresses, etc..so at this point it is more confusing to determing what they are doing. I have XXXX property in XXXX with a BOA equity line. FORTUNATELY, I HAVE NO OTHER BUSINESS WITH BOA. 
I had another conversation with BOA today and was on the phone from XXXX until XXXX. Still not resolved. When I called XXXX, XXXX from the XXXX PA office answered the phone. I had in my notes I had spoken with her before and told her I had spoken to her before and she denied I had ever spoken to her. She then went on to tell me my policy had lapsed, etc. etc. I could tell she was not competent enough to determine a solution so I asked to be transferred to her manager after about 15 minutes on the phone with her. She was reluctant to do so, but after a 3 minute hold she met my request to transfer me to her supervisor, XXXX XXXX. After discussing with XXXX XXXX, he stated his system was shut down and he was unable to help me further. He transferred me to another "" manager '', XXXX XXXX. XXXX XXXX told me she would escalate my complaint to the Lender Service Unit. Based on my prior experience, the escalation process is lacking and I am very concerned I am going to be incorrectly charged {$3400.00} for year XXXX to XXXX and incorrectly charged an additional amount of {$48.00} for year XXXX to XXXX. Perhaps even more..I do n't know. 
You can see in BOA letter dated XXXX, BOA changed the property address to my XXXX home address and not my XXXX home address. The XXXX home is the collateral for a less than {$95000.00} modified equity line. In addition, I have no idea where BOA is getting XXXX to XXXX information. I have no policy that corresponds with that date. 
",positive
1684837,"I have a private and federal loan with Navient, formly XXXX XXXX. Recently, I contacted them to reset my loan amount payments based on my income and to defer the payments since I 'm back in school full time. I was told they can defer payments on the federal student loan for 3 months, but it would cost {$50.00}. Otherwise, I have to continue to pay {$89.00} because I do n't have the option to base the payments off my income with either the federal or private loan which as an additional {$100.00} ea month. I 'm confused because this is a new law that was passed regarding school loans. Yet, you contacted this loan providers, and they tell you that you are incorrect. I 've had issues with the company before, and it continues. I 'm currently unemployed, and I 'm back in school XXXX. This company continues to draft payments on XXXX loans each month and threatens if I do n't pay them it will be reported to the credit bureau. 
",negative
1326720,"I have a negative item on my credit report from ShellPoint Mortgage Serv which was opened in XX/XX/XXXX. The original debt was with XXXX XXXX XXXX which has since been absorbed by ShellPoint Mortgage. It was the joint responsiblity of myself and my exhusband, XXXX XXXX. In XX/XX/XXXX I filed Chapter XXXX. All of my debts were discharged in XXXX XXXX. I have contacted the company, including an officer of ShellPoint to try to get this resolved on all three credit reports. The company will not correct their records. I am taking significant hits since this is a negative itme on my credit reports, the ONLY negative item. 

Can you help me? 

XXXX XXXX 
",positive
1571027,"I want it to get a loan for a bigger house so I can expand my business, when I apply for a loan I was told I can not get a loan because I 'm behind on my mortgage payments, I found out the first time XX/XX/XXXX that Bank of America has issue a morgage on my name fraudulent in the amount of {$270000.00} in the city of XXXX, I have proof I have not had a morgage since XX/XX/XXXX, have done fraud alert on my credit, police report, called fraud department at Bank of America, nothing gets solved, they completely distroy my life, my credit, why do I have to pay for an attorney to take them to court and waiste my time and money just because Bank of America think they so powerful and they can do what ever they want, how do this gets solve, a victim has no right but a thief has more rights then anybody, I have a big family XXXX amazing kids we work all our life none stop to achieve a business and Bank of America gets away with every single fraud and unlawful process they do why? Why me as a hard worker wo n't be able to grow my business because of them, so far we have lost over XXXX, why why, we can not have any credit cards, I had to change my debit card XXXX times because they sold my info, why do I have to go thru this, please help us, please help us to get our life back .Thank you 
",positive
1602129,"Me and my wife ( a/k/a ) XXXX submitted an application for the refinance of our apartment building to Arbor XXXX Mortgage, XXXX XXXX Arbor XXXX in XXXX for an FHA loan ( which was discontinued, for some reason ) and then again we submitted another application for a XXXX loan on XXXX with Arbor. We had submitted a {$25000.00}. deposit with the application. After six XXXX 6 XXXX months time had passed, on the XXXX application, Arbor sent us a letter dated XXXX/XXXX/XXXX which was received by us, 31 days later on XXXX/XXXX/XXXX which turned us down. Later, Arbor told me that the reason was that the apartments were too small XXXX. Arbor knew the sizes of all the apartments back in XXXX XXXX when we sent Arbor a rent roll which depicted other information and the sizes of all the apartments and again in XXXX XXXX, which again, depicted all the apartment sizes. In spite of the above, Arbor ordered an appraisal for {$6000.00}. and an environmental report for {$4800.00}. on XXXX/XXXX/XXXX ( To this day we have never seen a copy of either report XXXX My problem is that they feel that they are entitled to keep {$13000.00} and only refund us {$11000.00}. I sent a letters to XXXX XXXX, CEO of Arbor, on XXXX/XXXX/XXXX and I never received a reply. Upon information and belief, XXXX XXXX, of Arbor, and the XXXX underwriter XXXX XXXX XXXX knew the above information, full well, in XXXX and XXXX. Please note that XXXX XXXX XXXX never signed the contract ( or agreement ). It was left blank. I feel that Arbor should refund all of my {$25000.00} plus interest @ 9 %. 
fact that Abor never signed 
",negative
1787556,"I applied on line to Mid America Mortgage for a FHA loan on-line. Their representative, XXXX XXXX took my application and issued a letter of qualification and sent me a request for some additional documents. I was not returning the documents fast enough for XXXX and he began to call me daily and become difficult to deal with. Finally, I told him to leave me alone and that I would get the loan elsewhere. XXXX XXXX then called my real estate agent and complained that I was not living up to the purchase contract for the property. Unbeknownst to XXXX, my real estate agent is my wife. XXXX was obviously using private information that I had given him during the application process to damage my purchasing the house because I would n't use him or Mid America mortgage. When I called him, he said that he had every right to do it and that I was the one in the wrong. He has violated the basic rule that my information is private between us and not for any use other than what I intended it for when I gave it to him. 
",neutral
1393293,"I am required to have flood insurance for my mortgage. Because I have a detached garage, I am required under the XXXX to have separate policies for the house and the garage. The policy on the house renews in XX/XX/XXXX, the policy on the garage renews in XX/XX/XXXX. 
Each year in XX/XX/XXXX, Green Tree 's system kicks out both policies and sends me a letter saying I do n't have enough insurance. In the past it 's been enough ( though annoying ) for me to fax Green Tree the XXXX declarations, reminding them of the different renewal timelines. 
This year, I sent the declarations as usual in early XX/XX/XXXX after receiving the first "" your coverage is inadequate '' letter. But when I received another, more ominous notice of inadequate coverage in early XX/XX/XXXX, I phoned and spoke to XXXX in Green Tree 's Insurance Division on XXXX XXXX. After doing some poking around while on the phone with me, XXXX told me that they had received the declarations I 'd faxed, but only XXXX policy had been updated in their system. She told me that it was "" now fixed '' so that my coverage was adequate ; they would send a letter to that effect, and the outside coverage quote in the "" lack of adequate coverage '' letter they sent me would not go into effect. 
In late XXXX I realized that I had never received the written notice that my coverage was adequate that XXXX had said would be sent. So on XXXX XXXX I called Green Tree again, this time speaking to XXXX in the Insurance Division, who told me that my coverage was sufficient and she would send written confirmation of this. 
A couple of days later I received a "" Notice of Placement of Additional Insurance '' dated XXXX XXXX stating that Green Tree had purchased additional flood coverage for me and I would be charged. The notice also stated that "" We will cancel any insurance we buy without charging you any premium, interest, or related charged if you provide evidence of insurance ... no later than thirty ( XXXX ) days from the date on this letter. '' The same day I received a notice dated XXXX XXXX titled "" Receipt of Sufficient Flood Insurance '' and stating that "" A review of our records indicates that the flood insurance coverage for your property provides the coverage required for your account. '' So it seemed settled. 
However, XX/XX/XXXX I received my monthly statement for the payment due XXXX XXXX and it showed Transaction Activity on XXXX/XXXX/2015 of {$63.00} with the description "" Insurance Advance Disbursement '' and a fee added to my monthly payment of {$7.00}. I called Green Tree once again on XXXX XXXX and spoke to XXXX in the Insurance Division. She could n't explain what the fee was for but said it "" appears to be a one-time only charge '' and that I could write a letter requesting a credit. A couple of days later I received a letter dated XXXX XXXX stating "" Per your request, this letter is to notify you that we are in receipt of your evidence of required insurance ... '' but only referencing the policy that renews in XX/XX/XXXX. The letter went on "" Our records have been updated accordingly. Any insurance charges added to the account will be reversed where applicable. "" But I just received my monthly statement for the XXXX XXXX payment and it also shows the {$7.00} fee ( I assume they 're pro-rating the {$63.00} over XXXX months ). I called tonight and spoke to XXXX who said she 'd submit an inquiry to the XXXX XXXX and I should call in XXXX days for an answer, but that she could n't advise me not to include the fee with my payment, which is due before then. 
This is entirely Green Tree 's error going back to XX/XX/XXXX when they deleted my non-expired policy ( as happens every year ) then taken to a whole new level when they received both current flood policies in XX/XX/XXXX but failed to update my account information ( as admitted to me by XXXX on XXXX XXXX ). It 's been months of hassle, and now a monthly fee which, while small, is completely unjustified. 
",positive
1564594,"In XXXX, NJ realtors XXXX XXXX XXXX XXXX XXXX XXXX were convicted of mortgage fraud after being tried by the NJ Attorney Generals office after my mother did her due diligence to report the situation. She cooperated with then Attorney General, XXXX XXXX and furnished proof to bring them to justice. My mother was XXXX of XXXX victims that purchased XXXX or XXXX homes each ( XXXX ) with doctored mortgage applications, inflated appraisals under the guise of a very savvy investment scheme. The courts, attorney generals office as well the FBI provided info for all victims to present to their mortgage companies as it relates to the mortgage bank holders. My mother submitted info to XXXX banks. XXXX expunged and honored the info provided regarding XXXX the properties while Wells Fargo/XXXX did not for her second. Apparently, they purchased the mortgage from the originating bank, XXXX in XXXX when the original Attorney General complaint against all fraudulent parties XXXX underwriters, realtor, appraisers XXXX went public. I 'm guessing they sold it with a batch of mortgages to get rid of the proof as their workers played a role in the scam. XXXX XXXX is listed as owner but Wells Fargo is the servicing bank ) Wells Fargo XXXX XXXX XXXX ignored many attempts my Mother made after the sentencing as she diligently and repeatedly tried everything to resolve the matter with their law firm, XXXX, XXXX, XXXX XXXX XXXX. I have paperwork that she submitted proof for a mediation at the courthouse and copied them as well as they had filed summons for foreclosure. She even tried to get them to agree to a short sale that she spent money and time to negotiate. In her paperwork there is evidence of her documenting Wells Fargo 's repeated refusal to respond to her attempts and communication. She grew increasingly frustrated to a point of despair and passed away at home ( XXXX yrs of age ) from a XXXX XXXX in XXXX as a result of the stress. XXXX XXXX, XXXX, I was notified by the executrix of my Mother 's Estate, ( she was served XXXX ) that I was listed as heir in a civil action summons to assume the responsibility of this debt, the Executrix was also listed and my husband, yet I 'm not married but I do have a brother ( he was not listed ). I am filing a formal complaint against Wells FargoXXXX and the representing Law firm XXXX XXXX, XXXX, XXXX XXXX XXXX XXXX for passively flagrant, bully tactics and for ignoring any acknowledgement of resolution. It was their failure to respond to her from XXXX which cost my mother her undo anxiety and eventually her life. The reputation of Wells Fargo and their law firm is absolutely despicable! I started to research on the Consumer Affairs website at reviews which were very familiar to my Mother 's experience and mine. They give people the run around after submitting legal actions which potentially jeopardize their quality of life and people 's lives are held in the balance while they skirt, avoid calls and claim they have n't received papers, faxes etc. In my case, they should return to the originating bank that sold them the bad mortgage in the first place XXXX XXXX Bank XXXX. I have now hired legal counsel to assist with the fight and they have n't responded to him either. With no respect for the Attorney General, the FBI 's attempt to identify fraud they have ignored the appeal for justice on the part of consumers versus XXXX Bank which sold them the bad mortgage. Perhaps the law firm has not even utilized their legal department with regard to this matter because they are just billing the bank to extend their paycheck. The amount of money the bank is paying the firm to shuffle papers and keep cases going is more than the value of the mortgage. The home was over appraised in the application by over XXXX. What would be classic is if a disgruntled ex-employee were to work alongside of a group of victims on the other end. 
",negative
1768118,"My husband and I applied for a mortgage modification after my husband became very sick and was subsequently fired. After applying for the modification, CitiMortgage continued to send the same documents multiple times that contradicted the other and asked for the same documents multiple times. Eventually, we became concerned that our lender did not know what was going on with our modification and we began to contact our Homeowner Support Specialist as to why we continued to receive these letters and no one could answer our questions. We were passed from supervisor to supervisor with no answers until we finally received a new Homeowner Support Specialist who could still not answer our questions as to why we continued to receive the same letters over and over again, but ensured us that everything was received and we could disregard the letters that we received and to continue to make our monthly trial payments until the modification was finalized. 
On XXXX XXXX, 2015 we received an email from CitiMortgage that said, "" We have received the signed documents you sent and your mortgage loan modification with CitiMortgage is now finalized. Thank you, and congratulations! We sincerely hope this mortgage payment assistance is beneficial. '' Now, almost three ( 3 ) months later, CitiMortgage informed us that our modification was denied and we now have to pay more than what our mortgage was before we began the modification process. We contacted CitiMortgage and told them we received in writing that our modification was "" finalized '' and did n't know there were any issued and was told that "" just because we received something that says 'finalized ' does n't mean that it is really finalized. '' When asked if CitiMortgage could locate the email sent to me advising that our modification was finalized, we were told their documents were down and it could not be pulled up at that time. 
We are at a loss of what to do given that we are continuously passed around from department to department and from supervisor to supervisor with no answers except for we did n't return all necessary documents to complete the modification. However, when we ask what documents were missing, CitiMortgage can not identify which documents were missing. 
Any advice would be much appreciated. 
",positive
1746513,"RWLS XXXX LLC bought my mortgage from XXXX maybe XXXX or XXXX Companies ago. XXXX XXXX Mortgage was working on a modification of the loan and a reduction in principle. The problem with the proposial was it required a large down payment it was suggested a smaller down payment with different terms. The property was set for sale XXXX XXXX 2015 and in the XXXX they stated that that RWLS would not approve any modification and the property would be sold. I later received another assignment of transfer to XXXX XXXX mortgage company and in mid XXXX I received a statement from them the reenstatement amount was XXXX and the date to pay had passed and no other representative would discuss the matter. On XXXX XXXX 2015 I received a 3 Day notice to vacate the premises from XXXX XXXX XXXX still listing RWLS as the Lein holder. I am not an attorney but something is not right. I believe there is a process and dont believe it is being handled correctly 
",negative
1554802,"This is a very sad story I do n't want anybody else to live it again. 
I should have been living in my new home since three months ago but, because US Bank did the wrong thing, I am still renting for about the same amount I was going to pay for my own place. US Bank and its employees banned my dream to become true by not following the law, by discriminating me for my age and by not using proper customer service. 
XXXX XXXX, 2015 I decided to buy a house as my primary dwelling, and signed an electronic contract to buy the one at address XXXX XXXX XXXX XXXX, XXXX Arizona XXXX, with developers of the residential XXXX XXXX XXXX XXXX. The cost of the house was {$140000.00} and the house was going to be built and was going to be finished XXXX the XXXX, 2015. The loan terms included zero down payment, fixed interests for 30 years and {$15000.00} benefit from XXXX XXXX XXXX XXXX towards the loan. 
XXXX XXXX 2015 I received a laid off letter from XXXX XXXX XXXX XXXX XXXX, with ending date XXXX XXXX 2015, and started my job search. 
XXXX XXXX, 2015 I met with realtor to explain I was laid off and will start new job soon. Realtor told me he had referred me to US Bank because they had a better option for me with no PMI and that may reduce the monthly payment in about {$100.00}. Then I went to meet with XXXX XXXX, CRA Mortgage Loan Originator who was really looking at me in a strange way, I felt discriminated for my age, explained him the situation of the laid off I was going thru and the very possible new job. He asked me to send him an email with documentation for application. 
XXXX XXXX 2015 I sent an email to XXXX XXXX with all documents he had requested. I did send documents to US Bank for my loan application, like W2s, paystubs and statements from my bank account. This information was sent thru email, to XXXX XXXX, at the email address XXXXXXXXXXXX as he directed me to do it, dated XXXX XXXX, 2015. He never answered me back. 
Between XXXX XXXX and XXXX XXXX 2015 I needed help from XXXX XXXX, not only to know about the application process but mainly because I needed to buy a car. I did n't have a car and for my new job I needed one. XXXX XXXX offered me to analyze my situation and give me an idea on how much I could spend in the purchase of a car that would n't affect my house purchase. But he never answered me back. This part is the most hurting situation to my finances and frustrating aspect of all this because he never contacted me back with a denial or a possible solution. I had to buy a car in order to get a new job. 
XXXX XXXX 2015 I had to send thru email a written complaint to XXXX XXXX because he did not answer neither my phone calls nor my emails. 
Same XXXX XXXX 2015 Because I did n't get an answer from XXXX XXXX, I decided to send another email complaint directly to XXXX XXXX, XXXX 's boss. 
XXXX XXXX 2015 XXXX XXXX answered me with an email an a phone call saying nothing can be done. 
XXXX XXXX, 2015 After three months I have not received the written resolution about my home loan application I made to US Bank in the time set by current laws. US Bank and its associates discriminated me because of my age. 
US Bank did n't answer my calls or emails about how much I could spend in a car purchasing in order to get my new job and that unacceptable attitude affected my credit score. I have been affected emotionally, financially and socially by US Bank. It is imperative to be requited, recompensed, paid back from the damages ; detriment and prejudice exercised unlawfully by US Bank against myself. 
",positive
1549151,"Nationstar Mortgage fails to drop the PMI after passing 22 % paid. Currently own 27 % of the home and the PMI is still being charged. No late or miss payments have ever occurred. I signed the form requesting the PMI be dropped and they are demanding I pay for a appraisal to proceed. 
",neutral
1314904,"It started about XXXX years ago, after the birth of our "" XXXX '', which needless to say was a surprise. At that time both my wife and i were both employed. 
My wife had her job eliminated, we were in need of financial relief and applied for the Making Your Home Affordable several time and were told we did n't qualify. After several years of financial difficulty we saw something strange happening to the house. 
I discovered I had a Sinkhole under part of my house, and the whole process for that began. 
After exhausting all options and also the financial help from relatives, we were faced with few options. 
Sinkhole under the house and now in debt i was forced into Bankruptcy. 
I retained a Lawyer to guide me through the bankruptcy process, and after several missed mortgage payment I get a call and I magically now qualify for assistance, so i looked into and it was for $ XXXX- {$100.00} relief a month for a limited time. 
That 's it, i was denied all other offers. 
So after that i continued with the Bankruptcy process. 
I was granted the Chapter XXXX due to all the circumstances and moved on with my life. 
I am still in a legal battle with my Insurance company over the Sink hole. 
After about XXXX more years, and now a year after my discharged Chapter XXXX i receive a Notice of Sale on my home, I fully understand the situation and move out prior to the sale date to avoid any issues. 
XXXX days after the sale i receive a letter stating the home sale was stopped by the bank. 
I do n't understand. 
The house they would n't help me with is now abandoned. 
I did everything possible to assist them, created no problems, didnt fight. 
I am now bankrupt, no home, I have a wife and XXXX kids, now living in a small townhouse, not my house that I worked my whole life for, to build and want to raise our kids in. 
I have had to surrender our family dog who was too big to go with us, we gave away the kids horse and now all I want is for it to be put behind me. 
Due to the sink hole, out of fear my wife stopped sleeping on that side of the house, XXXX. Dont ' think that has not created any issues. 
I also was diagnosed with a XXXX which requires a XXXX and XXXX. 
That is Not a XXXX. It just presented itself one day, doctors have no idea. 
Try XXXX ... .... 
My lender Bank of America has done nothing to help, and now they keep the house from auction, I do not want anything to do with the house anymore, but since they did not sell it, I do not feel i should be responsible for it or the XXXX acres it is on. 
I really want this to end it is tearing my family apart. 
I never needed anybody 's help, not family, friends and sure did not need the government to bail me out, but when I really needed assistance I was denied. 
I pay my taxes, I have my own medical insurance, I support my family. 
So for doing all the right things, trying as hard as I could, I have a XXXX, a bankruptcy, soon a foreclosure and no home to count on for my family 's financial future. 
",positive
1746554,"Quicken Loans "" allows "" me to make bi weekly payments, but then states they do not apply them bi weekly to reduce the interest on my loan. This is at the least unethical and deceitful. I want my biweekly payments that they take automatically out of my checking account credited when I make them. My loan was taken out with biweekly payments as part of the conversation with my loan officer so I can pay the loan faster and keep the interest down. 
",neutral
1380399,"I received my degree from University XXXX XXXX, applied for Federal Loans and worked full time. My wife was a stay at home mom and the University sold me on Private Loans that they said worked like Federal loans to supplement my income. I ended up with over XXXX in Private Loans the school should have never presented and an economy that will never return to pay them off. 
",neutral
1475637,"I am seeking help regarding my options on how to proceed with a mortgage modification from US Bank. I have contacted XXXX real-estate attorneys, and XXXX indicated the course of action that US Bank has taken is likely fraudulent. Neither had experience with this matter and recommended I contact HUD for advice on how to move forward. They also informed me that if I retained a private attorney, it would likely cost thousands of dollars to fight the team of US Bank attorneys. I teach full-time, and I am a single mother of XXXX kids. I do not have any plans to move for at least 5 years, but I also do n't have the resources for a lengthy legal battle. I feel as though I have done everything US Bank has asked me to do, and that they have acted in an unlawful manner. 

After a loss of income at in XX/XX/XXXX, I qualified for a HAMP loan modification. I successfully completed the three month trial period, and then signed, notarized, and returned the final Loss Mitigation paperwork to US Bank by the required date of XXXX XXXX, XXXX. I began paying the new monthly mortgage amount on XXXX XXXX, XXXX, and I received a phone call from my Relationship Manager at US Bank that the paperwork was received. I asked an attorney to look into this matter, and he told me that the original set of documents from XXXX XXXX was the only one that was recorded. 

In XXXX XXXX, I was preparing to travel to present at a conference when I received another packet from US Bank. When I glanced at it, it looked exactly like the paperwork I signed in XXXX. It even had the XXXX XXXX date at the top. I assumed it was a copy of the paperwork I had already signed, so I did n't think much of it, and I went to my conference. 

I continued paying my monthly mortgage, and in XXXX XXXX, I started receiving phone calls that I was behind on my mortgage and at risk of going into foreclosure. Needless to say, I was shocked! The US Bank representative informed me that the last XXXX cashier 's checks had been returned because they were not the in the correct amount due! I was able to find XXXX of the returned cashier 's checks, but actually had to report the other XXXX as lost. Thankfully, I kept the cashier 's check receipts and was able to retrieve those funds from my bank several months later. 

The US Bank Relationship Manager informed me that I would have to reapply for HAMP, which I did. The application process took several months. I qualified again, and successfully completed my XXXX three month trial period in XXXX XXXX. I received a new packet of loan modification documents and noticed that the Subordinate Note was significantly higher than the loan documents I had signed in XX/XX/XXXX ( from {$12000.00} to {$52000.00}! ). 

A friend of mine who practices law told me that the banks have been taking advantage of consumers by getting them in situations where they have no options but to sign documents that tag on large subordinate notes to HAMP loan modifications. He said that the banks are violating many consumer protection laws, paperwork often disappears, many records are "" lost, '' and they convince borrower 's to sign mortgage modifications that are not in the consumer 's best interest while claiming to be helping consumers. He told me that these practices are illegal, but that the banks are getting away with them by creating situations where borrowers have no other choices and/or do not have the means to seek legal counsel. 

I sent an email to the US Bank Relationship Manager on XXXX XXXX, XXXX. I also called her and expressed my concerns. At one point, I said, "" This does not seem like a very smart financial move. Would you sign these papers? Would you recommend a loved one sign them? '' And she said, "" No. I would not. '' I have since received a fourth set of loan modification documents. The latest amount of the subordinate loan puts me "" under water '' by $ XXXX-XXXX. 

Thank you very much for your help. 
",positive
1760591,"Loan is with Ocwen and seller is in pre-foreclosure, has NEVER asked for a postponement of the sale until recently once seller understood how a short sale would help them avoid foreclosure. Seller was told by Option One, back in XXXX that there was "" Nothing they could do for them and to GET OUT '' of the house. They were told it would foreclose in XXXX XXXX. The house has sat vacant for years now, and seller never knew the bank did n't foreclose on them, until I reached out to let them know. After learning their story, i believe they deserve a break and would love to see them get a short sale approved. Today, Ocwen basically confirmed foreclosure is XXXX and that they did not have enough time to review the option and closed out the short sale review. We sent the proposal to Ocwen on XXXX/XXXX/XXXX, and are asking for postponement of the sale in order to get short sale reviewed. There is a cash offer on the table. Again, the seller has never asked for a postponement, this is the first time and Ocwen is saying no. 
",positive
1535621,"We took out a HELOC XXXX years ago. We thought it was going to be paid off in 2016 and when we ask them how much was left we found it that it was going to balloon for the full amount {$93000.00}. We do not have that amount, so we ask them ( Green Tree Servicing LLC ) if they could help and their answer was, We service your loan on behalf of an investor or group of investors at ( XXXX XXXX XXXX XXXX XXXX owner of mortgage account ) that has not given us the contractual authority to modify your loan under HAMP. 
We have never missed any payments for the XXXX loan or XXXX loan. They will only work toward us loosing our home. ( 1 ) short Sale ( 2 ) Deed-in-Lieu of Foreclosure ( 3 ) ForbearanceWe contacted XXXX different Lawyers and they all said to walk away because the banks would n't work with us. ( We love our home and we are in our XXXX ) 
",negative
1402945,"Rushmore Loan Management Services purchased my mortgage from XXXX XXXX, which typically should not impact me as a consumer, other than changing where and to whom I should send my money. However, that was not the case. Rushmore failed to acquire all the proper documentations from XXXX which would show that the property is insured, so they added a lender-placed insurance to my account resulting to an increased escrow, which increased my monthly payment from {$600.00} to {$1000.00}. I called Rushmore to advise them that I already have insurance through the homeowners association, provided them with name and phone number and advised Rushmore that I would send the regular payment of {$600.00} for XXXX 2015, which I did. Now Rushmore has labeled my account as delinquent for the difference. I 'm seeking protection as a consumer who should not be impacted by lenders practice of bouncing/selling mortgages to other lenders. Help!! 
",negative
1612253,"Back in XXXX, 2015 I was checking the options to refinance my single family house mortgage of {$630000.00}. After watching the Quicken Loans TV advertising, I decided to find more information about my chances of refinancing. 
Since I begun checking the loan options with this company, starting XXXX XXXX, 2015, I was persuaded by their very persistent representative XXXX XXXX ( XXXXXXXXXXXX Phone : ( XXXX ) XXXX XXXX ), to send him my two years tax returns. After a day or two he called me back and told me that I 'm certainly qualified to begin the process. XX/XX/XXXX the process begun ( Loan : XXXX ), through which I was recklessly dragged for almost 4 months through several of QL associates, who tossed me blatantly from one to another, with repeated documents requests. They continued to extend the date for their decision, up until yesterday XXXX XXXX, after my repeated requests to find out about the loan application status, I received a totally ridiculous and irresponsible answer : QL could n't match a home loan with my current needs. 
Prior to this message, on the same day, I got another response to my question placed onMY QL online board on XXXX XXXX. The message was somewhat strange, but nevertheless different. The message notified me that all Jumbo Loans applications that were submitted after XXXX XXXX are being affected with new rules. I did n't understand how this could 've been related to me, since I begun the process XX/XX/XXXX. At the end of the same day I got an email from the same gentlemen, I begun the process with - XXXX XXXX, with the message of denial. Later I got a call from another rep with the same message, who did n't want to disclose the reasons for their decision, as well as did n't want to reveal the name of the underwriter to enable me to appeal their decision. 
",neutral
1674361,"I am a XXXX Veteran since XX/XX/XXXX ( approximately ) and because of this I am exempt from paying state property taxes. Freedom Mortgage ( Lender ) has requested paperwork stating my exempt status. I have sent them the paperwork three separate times and they say it 's not the right information. This is paperwork from country courthouse/government center and is the legal paperwork for this exemption. They are ignoring the status and since the acquisition of the house on XX/XX/XXXX have been charging property tax to the loan. 
",neutral
1694705,"I am writing to you in the hopes that you can help. My mortgage company, BSI Financial, whom my mortgage was sold to has been causing continued harassment and grief. I am a single woman working to pay my house off and this company 's only mission seems to be to continue to make it more and more difficult to do this. I came to the end of a loan modification beginning 2015 and my mortgage became at an adjustable rate. I had been making payments of XXXX and now my payments are at XXXX a month. As this lump sum was difficult to make by the first of every month I called them and asked if we could break the payments into XXXX each month and was advised that this would not be a good idea, therefore I am only able to make the payments by the end of the month and keep in mind, each month I have and I have also attached a late fee with each payment. This is the only way that I have been able to make the payment in full each month. I, in the meantime continue to get harassing calls all month regardless of what I try to tell them about my financial situation. 

Approximately six months ago, BSI Financial calls and tells me my loan is going into foreclosure if I did n't come up with something like XXXX dollars, again, keep in mind I had been making my payment by the end of each month with the late fee attached and was up to date with my payments. When I called to inquire about this, I was told that the total of my checks had not been the correct amount and to be honest with you, the way that these bills read, I have not been able to determine what I owe each month. Therefore I simply look at the regular monthly payment on the bill with taxes and fees and add the late fee. 
Regardless of the fact that my check is there every month by the end of the month, BSI Financial is holding the check in the first week, sometimes two weeks into the month before cashing it and now, I learned that they are reporting to the credit bureaus that I have late payments on my mortgage. I have been trying of obtain a refinance on my home to get myself into a more affordable situation and not lose my home and not one bank will look at me because of this. 
Another example : I had applied for a personal loan from a company who needed to see that my home was current on mortgage payments and when they looked into it, BSI Financial was appearing online as my house being paid in full. When I call to ask about it, the response was oh, that was our mistake, we will take care of it right away. 
Currently, I just received a statement claiming I now owe XXXX and my payment is current up to the end of XXXX 2015. I have made several attempts to contact BSI Financial and am put on forever hold to the point where I have to hang up. 
I have looked this company up on the XXXX site and they are not even XXXX members. I looked up this company on the consumer affairs site and there are literally XXXX complaints with the same description of consumers confused about money owed, harassment, credit destruction. 
Can someone please help me! 
Thank you for your time, XXXX XXXX XXXXXXXXXXXX 
",negative
1567786,"Trying to obtain a payoff from Planet Home Lending, on XXXX/XXXX/2015 we faxed an authorization to release the mortgage payoff signed by the borrower. We follow up with the lender and was told that they did not received the payoff. We resent the request and follow up with a phone call to make sure the request was received. We were then told that the payoff was sent via Fax and for us to check our fax. We checked and saw no fax. We called back and was then told that they called the borrower and the borrower stated ; to not send us the payoff but to XXXX XXXX XXXX, which was not soo. We called the borrower and he stated that XXXX XXXX XXXX need the payoff to movwe the loan forward so when he called he told them to send to XXXX XXXX XXXX, he assumed that they would still send us the payoff we requested. So he called them after our conversation to clarify that they need to send XXXX XXXX XXXX company the payoff as well and that he was closing on XXXX/XXXX/2015. We need your help. We were hung up on twice by XXXX XXXX and was lied to that the borrower did not call them to authorize us getting the payoff, although we sent the XXXX authorization via FAX. This company should not be in the servicing business, they are like a boiler room! 
",negative
1420131,"SLS ( Specialized Loan Servicing , LLC ) will not send monthly statements, their web site is always down and the folks there are very rude, I believe I 'm being charged too much on my mortgage interest. They pay our state property tax late even though I send it early costing me more, we get no monthly payment, or payment booklet statements what so ever on any thing except at the end of the year for Federal tax purpose, there is a web site with XXXX of complaints on this company, someone needs to look into their in my opinion illegal practices.. 
",negative
1750045,"I was approved for a loan Modification XXXX XXXX XXXX, with request fo for XXXX trial payments of XXXX which posted XXXX, XXXX/XXXX/XXXX with in the grace period. I have not received my loan medication papers or phone call from my relationship manager after I left XXXX messages to her extension. Customer service is poor. I received XXXX demand letters from US Bank dated XXXX, XXXX, XXXX, XXXX XXXX demanding payment and stating foreclosure may start and loan will be accelerated by XXXX/XXXX/XXXX Mini Miranda statement does not appear on the letters in violation of FDCPA agreement. Each time I call it is stated bu but not the letters indicating breach of mortgage. I have dealt with US bank since XXXX/XXXX/XXXX all payments are as agreed The loan modification was Home modification program XXXX XXXX. My credit scores have dropped, My XXXX beacon was XXXX, now XXXX XXXX, and XXXX XXXX. US bank refused to indicate that my loan modification was approved for a lower payment and note that on the credit file. We experienced doctor bills, I have XXXX doctors and my wife has XXXX. 
All paper work XXXX pages were faxed on a timely basis during the review. Customer service is poor and return calls from my relationship manager indicates she has many files to work. I paid my shortage escrow at the branch they sent the check to Minnesota and was lost, I issued a second check in XXXX and they refused to reimburse my {$33.00} stop payment fee It was their fault. During the review my payments could not be posted live and had to be sent to XXXX, late charges were charged and I had to call to have those waived. When I called was treated as a delinquent debtor and this was upsetting. I value my credit but do not like to be marked as a person in loan mitigation as I was proactive in resolving my mortgage loan. 
",positive
1670957,"We have been uploading documents for a loan modification we believe we have a complete package and have been calling and leaving messages to our assigned representative without a response. I also sent documentation to authorize a 3rd party and they do n't seem to be able to locate my documents I have uploaded all of my documents time and time again and I am not getting anywhere I think they rather foreclose on my home they are delaying the process and being unresponsive. 
",neutral
1317102,"XXXX/XXXX/XXXX we obtained a home mortgage from BofA. We made 100 % of our payments on time or early. Many months we paid extra. We mailed our payments with BofA provided stubs in BofA provided envelopes. In XXXX My husbands business failed and since we were personal guarantors, we filed for bankruptcy to get out of all business debt. Our attorney contacted BofA and the XXXX to let them know that we would honor all personal debt. XXXX sent through the paperwork, BofA did n't. Instead of sending though the proper paperwork, BofA quickly changed our mortgage from XXXX that would go through a bankruptcy to XXXX that would not. Unaware of the account change we continued mailing in our checks to BofA. BofA cashed those checks every month, but failed to credit them to our account. XXXX of XXXX. BofA reported us as being 3 months delinquent to the credit bureaus and began foreclosure proceedings. I only found out about it because I was getting a years worth of free credit monitoring because my financial information had been compromised through a stolen lap top from XXXX. I made XXXX calls to BofA to try and work things out. I sent them the copies of the checks they had cashed ( ironically which included the new mortgage account number stamped on the back ) to prove to them that I had made the payments. In XXXX XXXX they decided to credit my account, but only late and all on the same day - making it look like I had sent in the checks all at once and late. After XXXX more months of getting no where with BofA, I finally filed a complaint with the XXXX and only after XXXX got involved did BofA finally credited the checks on the proper dates for the proper amounts. Then they started sending requests for payment from XXXX different branches. Another mess which required cleaning up They failed to correct their fraudulently filed report of delinquency on my Credit Bureau report though. We continued to make our monthly mortgage payments and sent them in early with extra towards the principal every month. BofA refused to reversed their delinquency report on our mortgage stating it was discharged in bankruptcy. We told them repeatedly that we had requested to get the paper work but that they had refused. They had change our mortgage from XXXX that would go through a bankruptcy to XXXX that would not. We battled BofA for years on this issue. They said if we had asked during that 45 day window they would have. An out right lie since BofA changed our mortgage account without telling us. So the Credit bureaus erroneously reported that we had been delinquent on our mortgage and that because our mortgage had been discharged in bankruptcy we did not even have XXXX. The more we talked to BofA, the more they eventually revealed to us about what they had deliberately done to hurt us - all too late for us to do anything about because we were beyond windows of time for remedy. They were impossible to deal with, so we refinanced our home in XXXX XXXX with XXXX XXXX. They supposedly delinquent loan - we were never late and we always paid the amount that was due and usually extra towards the principal and the mortgage has been paid in full. Today I applied for a credit card, only to be turned down because of this "" delinquency. '' I was not EVER delinquent. How many times do I have to prove it to BofA? They refused to remedy because they alleged we did n't do thing on a certain time frame. What they did n't tell us, was that they were deliberately lying to us so as to make us miss those windows and then after it was too late for us to correct anything they told us the truth. If anyone has been through a bankruptcy, it is a difficult time, but to have BofA deliberately lie and commit outright fraud is an outrage. BofA is a company I will NEVER do business with again. There is no level to which they will not stoop to hurt and destroy consumers. 
",positive
1602674,"SPS, Select Portfolio Servicing , INC, a mortgage servicer, servicing loans in California is refusing to comply with HAMP modification guidelines. They have received a complete modification package on this file several times. They assure a response within 30 days. Thay have NEVER responded in writing as to a resolution to the file. They ask that we start all over because they did NOT review the file in a timely manner. I have submitted FOUR separate COMPLETE applications, and not once have they approved or denied in writing .... 
",negative
1523229,"I am refering to case number XXXX XXXX. The case was reviewed by the Mortage company and declined to offer a posible solution to avoid foreclosure. I disputed the response on XXXX/XXXX/15 with no other response. 
",neutral
1764070,"I have already graduated from school. I have been dealing with the crook practices of Sallie Mae/XXXX since I have graduated. We have already contacted our local news station and after that they were willing to work with me. However, the person I have been talking with these past 3 years is moving positions and I had to return to calling the XXXX number for them for the rate reduction plan. Basically they are very unwilling to work with getting the payment to a manageable one based on my income, basically leaving me penniless between expenses and their payment, which would eat up the entirety of one of my bi-weekly paychecks. I expressed concern, bringing up possibility of emergencies for an example and they were extremely uncaring and did not want to budge. I am not unwilling to pay them, I understand that but they need to work with customers. I have had nothing but issues with them since 2011, even then they were threatening me and insulting my intelligence, basically calling me an XXXX, by one of their managers. 
",neutral
1723671,"Wells Fargo Bank is knowingly and intentionally concealing evidence of fraud and lack of an accounting for this loan. Please review the attached evidence of fraud with Declarations from XXXX XXXX XXXX, and CPA XXXX XXXX to prove that Wells Fargo Bank lacks any Accounting for this loan, and they have produced XXXX DIFFERENT VERSIONS OF THE VERY SAME DEED OF TRUST. 
Insofar as Wells Fargo Bank , NA is a loan servicer, it can not enforce the note in its own right in that according to the information in the attached documents and the information available through expert opinions, this loan is owned by an undisclosed investor with which Wells Fargo has concealed and not established its relationship too. 
Wells Fargo as the alleged servicer must, in addition to establishing the rights of the true holder, identify itself as an authorized agent for the INVESTOR. 
If my original transaction was not posted as a balance sheet item on the books of Wells Fargo Bank then that means that it was n't a loan by Wells Fargo Bank. If my loan shows up as being posted as an income statement item then that shows that the Wells Fargo was a fee based servicer acting as "" pretender lender ''. Hence the note and mortgage were procured under false pretenses and contrary to the federal and state requirements of disclosure as to who was getting paid what money to lure the borrower into a signing a document that was not a valid note but was going to be used in multiple fraudulent transactions. ( See attached letter and affidavit from CPA XXXX XXXX whereby he is explaining that Wells Fargo Bank is failing to comply with Generally Accepted Accounting principles GAAP for my loan ) If Wells Fargo Bank is compelled by the Consumer Finance Protection XXXX to comply with either of the obligations described above it will subject them ( Wells Fargo ) to a finding of perjury! 
Wells Fargo Bank is a criminal enterprise that is attempting to exercise rights over my primary residence by way of fraudulently altered documents, robo-signed responses, no loan level accounting and this loan file needs to be investigated at the highest level within your organization to see that a crime has actually occurred! 
Wells Fargo Bank has fraudulently altered the Deed of Trust and all XXXX versions of the same deed of trust have been recorded with the XXXX XXXX Registrar Recorders Office on XX/XX/XXXX as instrument no. XXXX. 
The XXXX different versions are from the same XX/XX/XXXX Deed of Trust that was originally recorded under instrument no. XXXX. Attached is credible evidence from a forensic document examiner with over 20 years of experience that multiple fraudulent alterations have occurred on the "" Handwritten Number page XXXX '' which is located on page XXXX of the Deed of Trust. All of the Deeds of Trust now reflect an entirely different handwritten NUMBER XXXX, and XXXX of the exhibits also has a snake like line drawn on it, which is not present on the other XXXX exhibits. C.P.A. XXXX XXXX XXXX stated : "" It is my professional opinion that the altered deed of trust is concealing an irrevocable assignment, and explains why Wells Fargo is unable to produce loan level accounting concerning XXXX 's loan. Wells Fargo claims that any level of detail relating to XXXX 's mortgage is non- existent. As a result, CPA XXXX XXXX provided XXXX expert opinions, ( XXXX an affidavit signed under penalty of perjury, and the other is a complaint letter sent to various regulatory agencies from C.P.A XXXX XXXX explaining that Wells Fargo Bank has failed to provide a loan level balance sheet accounting and is concealing the fact that they do not own XXXX 's loan. Wells Fargo is attempting to illegally foreclose on my primary residence by way of fraudulently altered documents, and XXXX 's recorded documents need to be investigated at the highest level within your organization. 
",positive
1704643,"I filed an initial complaint with the Consumer Financial Protection Bureau on XXXX/XXXX/2015. It took until XXXX XXXX, 2015 to obtain a response. At that point, XXXX finally gave the name of the company that they sold the mortgage. After which time, their cooperation ended. Contact was made with Dyck O'neal. Dyke O'neal provided a payoff. After which time the request for the Assignments of Mortgage were requested. As they were not recorded and in dire need to show ownership of this mortgage. Nothing was done. XXXX, XXXX XXXX ( XXXX ) XXXX x XXXX or anyone else was did not respond to the repeated requests to provide the information. A clear chain of title can not be completed without those assignments of mortgages. Without a clear chain of title the property can not be sold. XXXX XXXX of XXXX XXXX XXXX, XXXX XXXX credit was contacted in reference to this matter on XXXX XXXX, 2015. ( XXXX ) XXXX. XXXXXXXXXXXX. I have spoken with XXXX XXXX from Dyck Oneal ( XXXX ) XXXX at e-mail XXXXXXXXXXXX. At this point he is not responding to my calls. I have reached out to everyone I possibly could in order to resolve this issue. This file started at XXXX Mortgage, then went to XXXX XXXX. At some point, it must have been sent back to XXXX Mortgage because when XXXX XXXX XXXX Acquired the assets of XXXX Mortgage, they gained possession of this loan. The Corresponding companies and account numbers are as follows : XXXX Mortgage XXXX # XXXX XXXX XXXX XXXX Loan # XXXX XXXX XXXX XXXX XXXX # XXXX XXXX XXXX loan number, but Foreclosure Case # XXXX 
",negative
1482718,"I graduated from college two years ago with a degree in XXXX XXXX with the hopes of becoming a XXXX. However, because of difficulties with the credentialing process and the state, I graduated with {$120000.00} in student loan debt ( that XXXX XXXX easily supplied to me ) but no teaching credential. So after some rough times I have finally found a steady job working full-time in XXXX at $ XXXX ( rather high for XXXX ). But now after several deferments and forbearance, Navient ( who XXXX XXXX sold my loan to ) has come asking for their money back, now totaling {$130000.00} and are asking for roughly $ XXXX, which is roughly half my paycheck. And I live in XXXX, which already requires a high rent and cost of living, and moving home is n't really an option for me because I am from the XXXX XXXX. 

I 've called Navient several times to try and find a way to extend the term of my loan, renegotiate payments, consolidate all my loans, and see just about any option they have of lowering my monthly payments. But because my loan originally comes from XXXX XXXX, they always say the only option I have is forbearance, which I am running out of. I would like to save some forbearance in case a time comes that I lose all of my income or something drastic happens. After pleading with them they have given me no options. My parents ca n't afford to help me pay that much every month. 

So the only optioned I thought of was to refinance with another bank that would be able to lower my payments. Well, because I have such a high debt to income ratio, no bank will approve a refinance loan. My credit is good. I have a couple missed payments but nothing too major. But I see no way of increasing my income or cutting my costs to the extent of being able to drastically alter my debt ratio to the "" acceptable '' point for the banks. And still, after all of this, Navient wo n't negotiate my loans. It has come to the point that I have thought about just not paying my loans back and suffering the consequences, which I would fully do if my mother were n't the cosigner on my loan meaning that defaulting would also wreck her credit. But now I feel like I have no other options left unless it 's taking on odd jobs such as selling XXXX or renting our couch out on XXXX. 
",neutral
1564490,"Hi my names XXXX XXXX and I 'm responding to case XXXX again all want is the fair opportunity to get my house back on track and the right to do so under the program 's that 's out there harp and others as I said I sent all docs back and and never heard from anyone at nations star I want save my home I still all the signed copies that sent I just want an honest person to help me and not lie about everything pertaining to my documents being received 
",negative
1468203,"In XX/XX/XXXX I paid a Morgan Stanley mortgage. For some reason they did not update my CBR on time. They submitted a letter to me in XX/XX/XXXX stating they made a mistake and it was corrected. However I am applying for a mortgage and a deragatory has appeared on my CBR and XXXX XXXX is deeming it an issue.Morgan Stanley claims they are trying but the mortgage department is no longer in tact and they do not know who can update my CBR. They have acknowledged the letter and their responsibility yet the issue is not resolved. 
",positive
1617684,"I have had nothing but problems with PHH Mortgage company for the last threeeyearsand my stories could go on but let me explain whats currently happening, a few months ago in XX/XX/XXXX I decided to go through a new home insurance company which cut what I was paying for insurance in half, so in XX/XX/XXXX I called PHH advised them I needed them to do a reanalsys so that my mortgage payment that month was n't as high as if I was still with the old insurance company, Both my agent and I faxed in multiple copies of my decloration page and also had a four way call with do represenatives and my agent and I on the phone confirming they had my new insurance information. They informed me after the re analsys that i will be receiveing an overage check for about XXXX because by escrow had an overage which makes sense because it was time for renewal. well i received the check, used the money and now in XX/XX/XXXX i receive a letter saying my escrow is short XXXX $ how its that possible? so i call phh and they say the overage check they cut me i was suppose to pay my insurance, well i have never paid my insurance out of pocket, its part of my escrow. they said they letter attached to the check they sent me explain its, well they are wrong the letter says nothing of the sort and i was never informed. i have the documentation that there were funds left in my escrow they are also saying they paid my insurance because i never provided my insurance information which is untrue as well. now since Friday XXXX/XXXX/15 i was waiting on a XXXX-XXXX supervisor return call, and still have not received one. 
",neutral
1413074,"My house was foreclosed even after the lender submitted a Cease foreclosure request to the Court Judge. 
This has been a battle since XXXX, I have done back flips to keep my house, made payments that were sent back, tried for loan modification and denied XXXX. Then enlisted a group called XXXX who stated there was a loan modifcation completed and the lender stated to me to hold a bit until the paperwork is complete. Instead the foreclosure was done and then reversed by a Judge in XXXX. Then I paid mortgage payments to the court for one year on time every time until it was loan modified again. The loan modification arrived with the payment amount changed {$200.00} higher thatn what was agreed. Then we set up a mediation hearing that cost me {$250.00} each time. I cancelled the XXXX XXXX due to XXXX XXXX XXXX ) and I also was short of funds to pay {$250.00} again to go in complete XXXX circles and getting absolutely no where. Then here come a foreclose action again. and the the judge gave another opportunity to get the loan modified. I worked extremeley hard to get XXXX plus papers to the lender and I had a verbal pre-approval. They waited the last 2 days before the Foreclosure XXXX/XXXX/XXXX to send Cease Foreclosure and stated they would complete the loan modfication by XXXX/XXXX/XXXX, Letter can be provided. Now, supposedly since it is foreclosed and is owned by XXXX for {$85000.00}, XXXX I paid {$170000.00} XXXX I am waiting for the lender to give me word on an Investor and they will in turn place it back in my name with a loan modification. This has been going on for 3 weeks. I call every week and often XXXX per week. The 30 day window is upon me to get an order to vacate the court order which occured XXXX/XXXX/XXXX. 
Other issues include from XXXX, Breaking and Entering and Theft : changing the locks and entering my house, taking items more than once, going thru my personal dresser drawers as things were shuffled around, leaving deadbolt unlocked, leaving garage light on, cutting off my water, cutting the grass, all in an occupied house. I was living alone and had to be gone 1-2 days due to elder parents illness but when I return to my home, these things were noticed. 
XXXX 
",positive
1769928,"We applied for and received a XXXX loan modification last year in XXXX 2015. Ocwen Loan Service was the loan servicer, it was a truly difficult process. 
We owed about XXXX at 6.5 % payment about {$2900.00}. We were approved, 4 years at 2 %, then 1 year at 3 %, then 1 year at 4 %. Our payment now is about {$2300.00}. 
In XXXX 2015 the loan was transfer/ sold to XXXX XXXX and I received a notification that we were short on our escrow of {$3000.00}. As I dug into the paperwork, I saw a {$2900.00} payment out of the escrow and it looks like it went back to Ocwen in late XXXX. I wrote both companies and complained about the issue and they responded that everything was right. But everything is not right. 

I just sat down to do our taxes and it was reported that we paid Ocwen around {$3000.00} in interest and paid XXXX about {$3000.00} in interest. total about {$6000.00} We usually pay about {$16000.00} in interest a year. I glanced at the statement last night and it looks like the credited themselves about {$9000.00} XXXX XXXX different {$1500.00} payments ) from interest payments back to Ocwen in XXXX 2015 XXXX around the time of the modification ). 
I am currently looking for an accountant or attorney that may be familiar with XXXX rules to help look through this process and see if it was handled correctly? 

I believe that that the HAMP modification performed by this company has been thoroughly screwed up. I would like to know if you have heard of other people complaining or are concerned that Ocwen may have taken advantage of? 

I would be willing to send all the appropriate documentation if there is someone that may be willing to help me go through this issue. 
",neutral
1622154,"After spending time studying financial matters, the law, and making inquiries of, and having discussions with, knowledgeable persons regarding the origination of the purported loan on the property ; I have discovered that there has been, what appears to be, a counterfeit copy of the Mortgage Note presented as proof of claim by a certain group of people, including, but not limited to, agents of the mortgage company XXXX attorneys working with them XXXX XXXX XXXXI believe there is a conspiracy to take my property unlawfully through foreclosure using counterfeit securities as evidence of a purported debt and believe there are multiple individuals involved in this crime. I have made demands that the individuals involved provide proof of their claim through the presentation, for my inspection, of the original documents signed at closing as evidence that they are, in fact, the holder in due course of the purported obligation. They have refused to do so and instead have only made a "" copy '' of the documents allegedly signed at closing available none for inspection. 

These copies are, in fact, counterfeit securities as described under XXXX U.S.C. XXXX and in the documentation accompanying this letter, and multiple persons have been, or are currently, in possession of multiple copies of said counterfeit securities. I believe the "" original '' wet ink signature documents XXXX securities ) have been bundled and sold for profit and are not able to be produced as required by law and this is fraud being committed to steal my property through the counterfeiting of securities.copy of the document that has been provided as proof in this matter. It is obvious it does not meet the requirements under XXXX U.S.C. XXXX as a "" copy '' of a security and is therefore a counterfeit security presented as evidence to attempt to defraud me. I also believe that this activity has occurred through communications across state lines and I believe it falls under XXXX statute violations as a result.Accompanying this letter and attachment is much more comprehensive information with substantial legal citations of what appears to be happening in this case. It appears that this is not, by any means, an isolated situation. I believe it is your responsibility and duty to investigate this matter, immediately and completely, to identify those involved, gather evidence, and pursue whatever criminal charges may be appropriate against the individuals and entities named herein. 

I fully understand that any action that would need to be taken by me to make any claims for damages are a civil matter and would have to be litigated separately in court by me. This information is provided to you to make you aware of a crime in progress and give you a background as to what is happening so you may move forward in your investigation more rapidly.FEIN SUCH & CRANEs Fraudulent Foreclosure gets slammed by Judge XXXX XXXX in XXXX, NYFEIN SUCH & CRANE get slammed by Judge XXXX XXXX in XXXX, NYXXXX XXXXWell it was an unpublished Decision, until it hit the Internet that is LOL .... 
Can you imagine that, foreclosing in the name of an entity that did n't exist at the magic moment? 
As noted in today 's feature presentation it is law firms like XXXX Fein, Such & Kahn that are ruining this Country, along with the Judges who allow them to run amok. Well they might own a lot of the judges but they do n't own the internet and they certainly do n't own me. 
XXXX 
XXXX FEIN SUCH & CRANE get slammed by Judge XXXX XXXX in XXXX, NYA bunch of petty thieves who fabricate an assembly line of Foreclosure Fraud procured by obtaining Forged documents that knowingly and maliciously create a fictitious appearance of standing in order to sue. 
",negative
1691694,"Mortgage contract between myself ( buyer ) and seller had a closing date of XXXX XXXX. I got the CD on XXXX XXXX. There is a 3 working day waiting period. We were waiting on approval from lender on mortgage. The loan was cleared for closing today XXXX XXXX by lender. Attorney is stating we have to wait for 3 working day waiting period due to correction to the CD by attorney to lender. Attorney stated we have to wait 3 working days and then 3 working days for closing to occur. This will put us outside the 10 working day grace period for the loan to close based on contract. As the buyer I do n't want to be held liable for the fees and cost incurred by not having the loan ready and seller backing out or extending the closing to new year. Can we close on the loan at anytime going forward? Do I have to wait for the attorney to set closing date? I get the impression that the attorney and realtor agents are stalling the closing to the cut off date. This will allow the seller to default and all cost and fees will be the responsibility of me ( buyer ). What are my rights as the buyer? 
",negative
1738323,"I discovered the Assignment of Mortgage on my loan being used to establish ownership was robo-signed. XXXX was not in business on XXXX XXXX, XXXX and did not exist on XXXX XXXX, XXXX, when the Assignment of Mortgage was recorded and filed in the office of the City Register of the XXXX. 
I requested for an explanation during the month of XXXX XXXX, but was not provided with this information in accordance with CFR 1024.38 ( b ) ( i ) ( ii ) ( iii ) ( iv ) ( v ). 
I also requested to know the date the mortgage and note was transferred or placed into XXXX and when XXXX or XXXX indorsed the subject note to XXXX or transferred possession of it in accordance with CFR 1024.38 ( b ) ( i ) ( ii ) ( iii ) ( iv ) ( v ). 
",negative
1297988,"I have been attempting to get a Mortgage Modification with Bank of America for over four years. Each time until recently I have been placed in a circle where without explanation by modification has to be restarted without a final answer of the previous attempt. I have a numerous number of agents assist me with this process until recently when I was afforded a Dept of Justice Modification that was part of a settlement with BOA and the XXXX due to the mortgage crisis. BOA has not offered any proof od security in the process in writing and I had to pay a large monthly installments out of faith to ensure the new loan of my home. Now that they have received their money not only has the demeanor of BOA personnel changed towards me but also the timeline to complete the process has been drastically expedited. My rep explained to me the loan would be in underwriting for at least 30 days, at that time I would receive paperwork I needed to sign then given another 30 days to return the information. At this time I have only heard via phone call my modification was approved and I need to send all required paperwork by by XXXX XXXX, 2015. This is gives me less than two weeks to turn around vital paperwork to save my home. It took four years and a 16 billion dollar fine for BOA to get my mortgage right but I have less than two weeks. When I attempted to escalate my concerns to an authority that could better assist I was denied any chance to speak to someone above my case managers supervisor. His supervisor was rude and uncooperative to reason by telling me how they expect anyone above her would respond to my request. This experience with BOA has left me feeling they rather foreclose on my home and sale it at a higher price than what my modification was ordered by the DOJ to be in order to recoup part of the money lost from the previous fine. I served over 20 years and XXXX I 'm confused why BOA would include XXXX in their title. My wife and I are both XXXX veterans and she is a XXXX. Our income has changed dramatically over the last three years plus our flexibility of employment is limited due to high medical demands. We need this modification to go through and our ability to return needed paperwork is important to finalize the details. I pray that BOA would take action not only to allow me time needed to return my paperwork, but adjust their policy to do so when the opportunity warrants. I feel BOA owes it to their customers/ clients to place them in a Mortgage that reflects the true value of their home and should make ample time to ensure all homeowners are given time necessary to salvage their lives do the financial crisis caused by BOA and other banks affiliated with this issue. With extra care to those who have served and lost part of themselves after serving in XXXX protecting our way of life. Some agents say thanks but actions speak louder than words. 
",positive
1310406,"I am writing this on behalf of my client, who is being railroaded by BSI FINANCIAL SERVICES. I am doing this because I have firsthand knowledge of the unethical behavior of this servicing company. When I met her they gave her the run around on a loan modification for months and months until she had to ruin her credit and file bankruptcy to prevent foreclosure. Once I met her I engaged BSI to do a short sale and right away they started breaking local and federal laws. They first demanded to control pricing which they can not do because they do not own the property. I was threatened and told the list the property and unrealistic amounts. I was cursed at by XXXX XXXX, and at some point he called and intimidate the already frightened and pregnant homeowner. While the file received no offers despite me providing them evidence of large repairs needed on the property, they refused to drop the price so that I could secure a buyer. At the same time there was a pending foreclosure sale date. I had to escalate the file and make XXXX phone calls to convince them to postpone the foreclosure sale date. They only moved the sale date to XXXX/XXXX/2015. Now we are a week away from the F/C Sale date and once again they threatened me with the pricing of the home, even after I submitted what they asked for, which was XXXX repair estimates. I dropped the price when the repair estimates came in and an offer came in just {$4000.00} below the {$130000.00} they were trying to force me to list the property at. The rejected the offer, stating they now needed an offer of {$130000.00}. After that it became clear to me that they have NO INTENTION on fairly working on this short sale or accepting ANY offer, as they keep moving the target price and the terms. I have emailed them constantly to let them know agents viewed the home and did not move forward due to the condition of the home. In the meantime, the homeowner was so stressed out she went into early labor and almost XXXX XXXX, and in ( 7 ) days the bank intends to foreclose on her leaving her and her baby homeless. I have received offers but they want the same pricing as a repaired home. This is unethical, unfair, heartless, unscrupulous dealings, dual tracking, intimidation, and more. They also are trying to slip in some shady fees by forcing me to agree to them getting some sort of 1 % fees from the listing side. I read online that I should expect to receive an email message stating that I needed to sign an addendum to the listing agreement to assign XXXX of the listing side commission to a XXXX party ( XXXX XXXX XXXX ) for unspecified services rendered, plus a {$250.00} processing fee. Not only would they not explain what the 1 % was for, furthermore, by reducing commission -- and thereby increasing net proceeds on the Seller 's side of the HUD -- this could be considered a "" rebate ''. Violating rebate prohibitions may be subject to civil penalties, may be considered an illegal kickback under USC ss 2607 and may be a violation of the Real Estate Settlement Procedures Act ( RESPA ). The homeowner is being railroaded, my broker is being railroaded, and I have to believe that there are laws that protect us from these types of dealings after the Federal Lawsuits. I have researched BSI online and wonder why this company is allowed to continue to do all the HORRIBLE THINGS i see other saying that they are doing. 
",negative
1765952,"I called Sallie Mae to request forbearance while I change jobs, battle with medical issues and bills, and come up with a plan to repay my loans that will be effective because I am experiencing a current financial hardship. I spoke to a gentlemen who said he could do nothing for me unless I paid {$800.00}, that day and then he would help me. I could not afford to do this, which was the reason for my call in the first place. I eventually spoke to another gentlemen who said he could do a 1 month forbearance for me while I tried to get my feet back under me. Everything went normal and he took my good faith payment of {$150.00}. He told me that I should see the forbearance on my account withing 24 - 48 hours. It has now been 120 hours and no forbearance. In addition, Sallie Mae 's policy is that if you are denied forbearance, they will apply the {$150.00} to the loan. This still has not been done. I have also not received any information regarding if I was accepted or denied for forbearance. Essentially, they have just taken my {$150.00} and done nothing with it. 
",positive
1448173,"XXXX XXXX 2015 a short sale package with all supporting documents was faxed to Shellpoint mortgage. The negotiator and management at Shellpoint do not return calls or provide status updates. As of today the file has been with the investor for possible approval for over a month with zero follow ups or updates to me. They do not return calls and do not keep track of documents nor do they negotiate in good faith. I have been working short sales for 9 years and am blown away at their lack in communication or consequences behind not working files properly. They need a serious overhaul and should be required to train their staff. 
",neutral
1568342,"My mortgage was sold to Green Tree from XXXX. Around the same time, I fell into some hard times with a significant loss of income and increase of medical bills. I attempted to look for options with Green Tree and was told I only qualified for a stream line modification but was n't provide with any details. Only that I would need to make XXXX trial payments and after I paid the last XXXX, then I would find out the details of the modification. Once I received the modification, I realized it was n't in my favor to accept it. I spoke with the supervisor on my account that explained to me if I decline the modification, that it will take a few days to reallocate my trial payments to my mortgage since I was shown as being late and close to default. XXXX is the supervisor on my account. She informed me that I would be able to make payment arrangements to make up the difference and the amount would be spread over the next 3-4 months so everything will be caught up. She also mentioned which I was n't aware at the beginning that I had other options that I could have explored. The trial payments were for XXXX, XXXX, and XXXX. I have been dealing with XXXX my account XXXX XXXX XXXX and her supervisor XXXX since the first week of XXXX with no resolution. They consistently told me I owe over XXXX and need to pay the balance. I have no statements to show where the XXXX trial payments were reallocated to my balance nor where they came up with the balance. I have been treated like I 'm a dead beat loser that needs to pay the whole balance or go to foreclosure. XXXX has been rude towards me and have avoid my calls and even hangs up when I try calling her. I left numerous voice mails to both XXXX and XXXX with no return calls. The couple times I was able to actually speak to XXXX she would continue to say I 'm not discussing anything unless your ready to make a payment for the whole amount. I have been seeking support from my family and church and wanted to continue which was first discussed with XXXX as far as making payment arrangements to clear my past balance. I also would like to see in writing how everything was reallocated. My statement shows a balance over XXXX does n't reflect the amount of XXXX they told me to pay. I tried talking to someone else in customer service and their own department but everyone routes the calls back to them which leads me no where. No one will look into this matter for me. I am stuck dealing with XXXX individuals that are not willing to discuss or assist me in this matter. I have nothing written to show where the balance is coming from. I was not late for 3 months during my trial period but still show being late close to 180 days. I need someone to review my account and provide me in writing what my past balance is so I can make the proper arrangements to pay everything. 
",neutral
1807890,"a few years back a did a refi on my property with XXXX XXXX, who in turn sold the loan to Bank of America, since I had to relocate for work I new there would be a lag in payment delivery, so to off set this I paid advance 2 month on my mortgage and all went well for almost two years, I noticed I as getting late fees from Bank of America. when I called to find out why they 1st told me the account payments were "" late '' and the fees are the result. I told them that was not possible as my account is advanced two months to remain current at all times. my repeated inquiries went unanswered and fees continued I tried to get assistance from a manager but there was o help there. Finally one rep that I contacted actually looked into my concern and told me the only thing they could see n review was that when Bank of America moved their office from XXXX to XXXX they did audits of accounts and took all advance payments and applied them to the principle. well this completely has put my finances and my home at risk and they act now as if they cant find me. Several calls and been made to no avail and even trying o get a HARP has been denied by them saying I cant qualify which leaves only forced foreclosure or bankruptcy as an option, 
",negative
1694578,"I was sold a predatory sub-prime loan in XX/XX/XXXX by XXXX Loans. I had a 80 % XXXX mortgage and a 20 % XXXX and I put nothing down on the home. After a year I got into trouble with the loans and I was facing foreclosure. With my parents help I was able to stave of foreclosure and I kept making payments on both loans for several more years. Finally I had to file a personal bankruptcy. Both my XXXX and XXXX loans were discharged in my Chapter XXXX bankruptcy in XX/XX/XXXX. I kept making the payments on the XXXX mortgage to XXXX XXXX XXXX and I am still current. However the second loan was sold by XXXX to XXXX Loans in XX/XX/XXXX, and shortly thereafter XXXX assigned the servicing of the loan to Real Time Resolutions. Now I have been attempting to obtain a refinance on the first loan but the lender and the title company can not clear title because the second deed of trust is still recorded in the name of XXXX, which was a subsidiary of XXXX. but is no longer in business. I engaged a lawyer to submit a Qualified Written Request to Real Time Resolutions who claims to have legal ownership of the second deed of trust. I asked RTR to provide evidence that they own the second deed of trust but they failed to provide that evidence in response to our QWR. 
",negative
1840079,"I will try to explain, but so much has happened not sure where to start. This has been going on for 28mths just about. We have tried to do a loan modification and have been given the run around to the point we got behind and had to hire lawyers to help us and after the lawyer we were paying got suspended we have been left alone. We have contacted Freedom Mortgage since they got our loan back in XXXX XXXX from the previous lender which was XXXX. Since the lawyer we were left us high and dry in XXXX XXXX, we have been contacting Freedom, they keep giving us the run around. They said that we need to short-sale and if not they will give us 3 months to do a deed of liue and help us with relocation cost, we have wanted that in writing ... they keep saying that they have sent us a mitigation package and all that and to this day we have yet to receive it. I 'm sorry I forgot to mention this all started due to my husbands hours were cut and he had some medical bills that arose due to he had XXXX in XXXX and it looked like something had came back that caused us to apply to do a loan modification and it led to 28mths of fighting with mortgage company. So..after the told me to short-sale ... I went ahead and found a Realtor who put the house up ... she called them and they told her over the phone that the payoff was {$190000.00} and we had tittle company request it in writing ... we got an offer on the house while it was only on the marker for 7 days we were still waiting on the mortgage company to send the payoff..I have called them, had to leave a voicemail to a caseworker who never calls me back, left a message for a manager to call me and that has n't happened either ... we have a VA loan ... I do n't want to loose it, but how can I work with a mortgage company that is not working with me is almost as if they want to foreclosure.We do n't want that, we did not miss our payments on purpose, it was a life crisis that we ende dup in and went straight to the mortgage for help. Right now the people are waiting on our counter offer which we ca n't because Freedom has yet to send anything or return my calls. I 'm stressed, I just want to sale the house and move on, but the longer it takes the longer our credit is ruined. I want Freedom to help us and to do as they have said they will do. We ca n't loose our VA and we do n't want to foreclosure, we have tried to work with them and even have had an attorney email them to call him and they have n't even called him. All t his to me just does n't sound right and Im so scared that we wo n't have anywhere to go and no money to go anywhere. Please help us!! Please! 
",neutral
1554126,"I believe I have Genesis loans from Corinthian Colleges and would like to know if they were included in the CFPB settlement. 
Name : XXXX College - XXXXAddress : XXXX XXXX XXXX. XXXX XXXX, CA XXXX 
",negative
1796531,"On XXXX XXXX a XXXX Nebraska Sheriff knocked on my door. He told me that he was there to serve me with a Notice of Quit, which he then explained was a pre-eviction step. I was dumbfounded since, to my knowledge, we had been paying our mortgage every month. Turns out, we were having some confusion with the bank and our checks were Their l not clearing. This had been happening for about 9 months, and up until this point, we had received no communication whatsoever. We were not told that we were facing Their l foreclosure, we were not told that our home was being sent to auction, but magically, they were able to inform us that our house had been sold and since Nebraska has no buyback plan we were out of luck. Our only option was to go to the bank and take out a brand new loan, which we could n't get because of the foreclosure. Had Franklin American contacted us before the sale we would have been able to pay what was owed, but since we had no idea we were in trouble we took no steps to save our home, leaving our family scrambling for a place to stay. Their lack of contact/communication is absolutely unacceptable. 
",negative
1481101,"I am the co- signer for my son XXXX XXXX private student loans. Over the course of time I sent money order payments in to pay off the loans I co-signed. I specified with the payments that they be applied to the loans I co-signed and to the one with the highest interest rate first. Some of the monies I sent was applied to other student loans that my son had which were Federal Loans and I did not co-sign. I did not keep good records of the payments I made and my son lost his job and stopped making loan payments. I have called XXXX XXXX and Navient numerous times to try to go over the payments so they could apply them properly. I have spent hours on hold waiting to get to the right person and then promised that they would get the information together and call me back but they never do. They have since sent the dept to a collection agency and they are calling me for payment. I am pretty sure that I have paid more than I co-signed for and I need them to give me the loan history so that I can tell them which payments I made that were not applied to the loans I co-signed. They have also reported to the credit agencies that I am delinquent and ruined my credit. I have a small business and rely heavily on my good credit standing to buy merchandise. 
",positive
1571743,"I have been having several difficulties since our mortgage was transferred from XXXX, then GreenTree Mortgage and now Ditech mortgage company. Since the transfer, my husband and I have noticed that our monthly payments are not being applied correctly and the mortgage company and we feel like we are being scammed. We pay additional money each month where we request that the additional amount be applied towards the principal and escrow. The mortgage company does not supply payment books that allows us to pay extra towards the principal and escrow. When we spoke to them about our issue, they spoke to us in a condescending manner and tried to make us appear stupid. We were told that they could not provide us with a payment booklet that would allow us to show how much of our additional payment should be applied to principal and escrow. In fact, we were advised to write it out on our payment statement and then we have to call each month to inform them how to apply it even after we had written it out. My husband and I are both elderly and I 'm in a XXXX. We feel that this mortgage company has made it very difficult for us and have taken our additional payments. When we receive our monthly statements, we notice that our additional payments are not being applied. Where has our additional payments gone? We are elderly but we will not sit back and be taken advantage of by this mortgage company. When our mortgage was transferred to GreenTree, we never received a check for the extra funds that we had paid into the escrow account after our taxes and insurance was paid. Where are those funds? 
",neutral
1725678,"To whom it concerns, my husband and I tried to purchase a home and have been deeply hurt. XXXX XXXX XXXX was our Realtor and Mortgage and XXXX XXXX was the Broker ( XXXX XXXX XXXX XXXX XXXX ) ( although we never met the Broker ). We proceeded to follow through with the contract ( XXXX XXXX XXXX Tx XXXX ) and put up the honest money {$1000.00} to XXXX XXXX. On the contract it stated that its not subject to buyer being approved for finance and it does not involve FHA or VA Finance on page XXXX # XXXX fin. a and d ; This was a FHA loan. We had to give additional {$1000.00} to the sellers made out directly to them and {$200.00} option fee made out directly to the sellers ( XXXX XXXX XXXX, XXXX XXXX XXXX ). The house was inspected {$350.00} and it passed inspection. We ask our agent to make sure that we get our money back if things do n't work out and please do n't let any time lapse. He assured us of this and in returned he stated that the sellers requested and additional {$1000.00} made out to them because underwriting was taken too long and it would go over the time. XXXX XXXX came to us and told us we were not approved and that we also lost all of our money. He then put a contract on another house XXXX XXXX XXXX XXXX XXXX, Tx XXXX ) where we had to put down honest money of {$500.00} with XXXX XXXX XXXX ) and {$100.00} option fee and to have the inspection done within 5 days which cost XXXX the first time and an additional {$200.00} the second time because the house did n't pass inspection because there were no fire detectors in each room which we had to purchase and put in before they could move forward. I really feel that we have been taken for our hard earned money and the Realtor, Broker and Title Companies are all bogus. I really feel no one was honest and had our best interest at heart. We as new buyers are relying on agents to be honest and explain in detail so that we have clear understanding and feel comfortable and safe with their decisions but this is one case that have us afraid to trust any agent or broker. 
",negative
1531516,"Green Tree Servicing LLCXXXX XXXX XXXX XXXX, XXXXXX/XX/2015XXXX XXXX XXXX XXXX XXXX, XXXX XXXXRe Acct. XXXXTo whom it may concern, By law a mortgage company is required to send monthly statements to its customers. I have not received a statement from your company since XXXX of 2015. I have filed no bankruptcy, nor have I changed addresses. I have called two different times requesting statements to be sent out and all I receive is hostile treatment by your people. I continue to receive all other forms of communications from your company, so please, immediately send me a billing statement so I can bring my account current. 


Thank you, XXXX XXXX XXXX 
",positive
1623336,"Requested loan modification due to loss of income, financial hardship, illness, was denied, loan company refused to work with "" third party '' ( XXXX ) to resolve delinquency issues. My Balance has not changed in approximately 12 years {$18000.00}. My payments are not being applied. Abusive collection procedures. Was sent to eviction court immediately after having XXXX surgeries. Paid {$2200.00} to loan Company. There is no history of this payment are any other payments todate. 
",negative
1697249,"I have made a purchase on a house I was scheduled to close on Monday, XX/XX/XXXX. I initially applied for a mortgage loan through TD Bank back in XX/XX/XXXX. However, the mortgage processor neglected to let anyone know there was only one piece of the information missing until today, which prevented me from being able to close on the house. Everything was set up to close today between myself, the title company and the realtor, except for TD Bank because have n't gotten around to review or finalize anything even though they have been recieving information for the past two months. I am now in the situation where I will have no where to live by week 's end and have to pay fees and penalties to various companies that I had set up based around the closing date I was provided. There is no resolution or estimated time on when I will be able close on this house and was given poor customer service by those involved at TD Bank. 
",positive
1429444,"I obtained a loan from Genesis Lending in XX/XX/XXXX to attend XXXX XXXX in XXXX, MI. After XXXX and obtaining a job, I began auto paying the {$99.00} payment each month and started saving so I could pay off this high interest loan. On XX/XX/XXXX, I paid the balance of {$2800.00} online and called the next day to speak to someone to verify that it was paid in full. I was informed that there was a balance of {$11.00}, but that that would be credited due to the balance being paid. I checked my bank account on XX/XX/XXXX and saw that they had taken the {$99.00} payment on XX/XX/XXXX even though the loan was paid off. I called and they were very rude and not at all helpful, informing me that it was my responsibility to go to my bank and dispute the charge or else send them a statement as proof that it came from my account. I informed them that I work during banking hours and I feel that it is their responsibility to fix their mistake and they can see that it came out of the same account that every other payment came from. I asked to speak to a supervisor XXXX times and was told she was having technical difficulties and unable to talk. After XXXX minutes, I was finally connected to a supervisor who told me that there was nothing she could do to correct their unlawful withdrawal of money that was not owed to them. I asked to speak to her supervisor and was informed that the account manager would not be in until the next day and would call me back. I never recieved a call from the account manager and am still waiting for this to be resolved. I believe that it is illegal to withdraw a payment on a loan that is paid off and very unprofessional to not do everything they can to fix this. 
",negative
1784594,"I am contacting you again regarding my initial Case number : XXXX. I requested a copy of my credit report and sure enough Bank of America is still not reporting my information accurately. I tried going through them, and I tried going through XXXX and the problem is still not fixed. Bank of America is reporting that my mortgage is CLOSED and they did not report my payment that they received ON TIME for the months of XXXX, XXXX, XXXX and XXXX of 2015. I need them to fix this. Mortgage credit scoring has a huge impact on a persons credit score so it is very important that they do the right thing here. They need to report those payments, and they need to report this account as OPEN in order to fix their mistake. They have reported subsequent payments, but not those particular months. Please help. It is unbelievable that I had to come back to you again, but here I am still fighting with Bank of America. 
",positive
1612509,"owed XXXX to B O A, house was sold thru short sale, this was paid and for gave as of XX/XX/2015 in full. 
",neutral
1379719,"I am representing a Borrower whom has filed a Bankruptcy, and did not reaffirm her loan, we have been disputing the value with Green Tree/ XXXX XXXX AS I was told the property was assigned to be winterized and it was not, so with our brutal winter there was additional damage done to the subject property in the amount of {$90000.00}. XXXX refuses to re-evaluate the value as this was already done XXXX. But the damages have prevented us from getting a $ XXXX offer. They are informing me the Borrower needs to file an Insurance Claim, we have tried numerous times to reach out to XXXX Green Tree and XXXX to obtain the correct information, with no results. The Borrower has not paid on Home Insurance in over a year, so we have no idea where to go from here, we have been trying to process this short sale now since XXXX, and are just exhausted with the manner this is being handled. 
",neutral
1695684,"I am in an extreme financial hardship & my Mortgage Company, Wells Fargo, said they would work with me XX/XX/XXXX & now they have changed their minds. This company, Wells Fargo should have never been bailed out as they are doing the very same tactions XX/XX/XXXX when they asked me, called me, if I wanted to skip a few payments, and let 's face it ; who would n't. I 've sent all the forms that was required of me back in XXXX, but then they say the "" offer has expired ''! So I had to come up with {$6000.00} in a hurry to avoid foreclosure. Luckily I managed to get the money together & save the home my XXXX children have grown up in! Within the next couple of years, the President came up with the HAMP & HARP programs & I was able to finally get a modification, probably just because this time I hired a Law Firm to handle the situation. Right now my health is ailing as such so now I am on XXXX due to my medical condition whereas my finances have gone down considerable & I have a new monthly bill of {$250.00} since someone totaled my car, I had to get something else & with the identity thefts issues ( provable by way of IRS & local PD ) my credits is bad so I have a very high interest rate for this XXXX Ford Fiesta which is the only thing I could get into. So for this & many other reasons I just wanted to lower my mortage interest rate, with the predatory 5 % currently, so I could lower the mortgage payment minus the {$250.00} car payment. Again I hired XXXX XXXX XXXX & they assured me time & time again Wells Fargo had agreed to work with me since we have been here for 17 years & want to remain in the same home for the interim. If we lost our home I would die & the children would be devastated to say the least. Now, again, Wells Fargo is denying the modification & I have to come up with {$8000.00} ( I even opened a 'gofundme.com to help raise the money ) so we wo n't get foreclosed upon. They based their decision, or so they say, on the non physical appraisal that showed not 1 single upgrade I 've done to this house in the last 17 years such as remolded kitchen with granite countertops, remolded bathroom actually 're-bathed it ' by "" bath fitter, put on another full bathroom with jacuzzi tub, added an office/sunroom with french doors, added a huge sunken den/family room, solar put on roof, skylights thru out, hardwood floors, new huge windows in kitchen & bedrooms, vinyl siding all around house. Wells Fargo ar the biggest crooks out there & should be shut down right away for their unethical practices & downright lies on top of lies. Blatant disregard for customers needs. I am attaching the paperwork on XXXX XXXX, I 've tried to get more info & they never call me back, I hope I did n't get scammed again! I 'll also attach the finale paperwork of XXXX XXXX reasons for denial as well. I just wanted the payments lowered by {$250.00} & I have very real hardships @ this time, please investigate these Wells Fargo crooks! I read in the XXXX XXXX the goverment is already looking into them because of so many consumer complaints similar to mine. Just unscrupulous tactics all the way around! Please help us! Thank you, XXXX XXXX ( XXXX ) XXXX XXXX, XXXX XXXX XXXX XXXX ; I am XXXX & a Vewteran of XXXX XXXX XXXX & my son is in the XXXX XXXX & got called to XXXX XXXX to help with the wild fires up north. One would think they would take tinto consideration as they sit & toil @ their desks & /or cubicals sounding 'happy ' on the phone as they are denying you. At least that 's what my XXXX 'home preservation specialsist ', XXXX XXXX sounded that way as some kind of scoulding principle! Oh! Almost forgot! Thruout this ordeal some gentleman by the name of XXXX XXXX & XXXX XXXX called me with strange proposition such as ; "" if you give me {$670.00} right now I will appove the modificxation & that 's what your new payment would be, I mean he was really strong arm 
",negative
1528779,"I have an Easy 5 year mortgage from Capital One 360. I have paid all but just under {$4000.00} on it. I have been making payments online for 5 years, and the loan is due by XXXX XXXX, 2015, as it has a balloon. I went online today, Thursday, XXXX XXXX, 2015, to pay off the loan, but for some reason, Capital One is not allowing me to pay the loan off. They are forcing me to make payments by certified check or wire transfer. Even if I wanted to may the small biweekly payment, which is around {$80.00} bucks, it wo n't allow it. I spoke to XXXX employees, who stated, "" The loan has matured, you ca n't make any payments. '' This loan is not even due for over a month, and I have a biweekly payment that ca n't be made because of this nonsense. I have never been late on a payment before, and they are using their power to force me to make expensive payments, when there is no reason why I should not be able to make a payment online. I repeat, this loan is not due until XXXX XXXX, 2015! 
",negative
1295848,"Bank of America mailed me several offers to refinance my home. On XXXX/XXXX/2015 I called the XXXX, FL sales office and spoke with XXXX XXXX ( MLS XXXX ) and began the refinance process. There were documents XXXX XXXX wanted immediately ( XXXX, XXXX pay stubs & savings statements ) so those documents were emailed to her on XXXX/XXXX/2015, however, the remaining refinance documents, that BofA mailed to my home, she stated could be mailed. So on XXXX/XXXX/2015 I followed her instructions which matched the instructions in the refinance packet, and mailed the remaining documents in the pre-paid postage envelope provided from a Post Office in XXXX, TX. Because the documents were of a sensitive and personal nature, I wanted to have the documents tracked, even though they were only going to XXXX, TX ( XXXX is a larger suburb of XXXX ). The post office clerk informed me that I could not "" alter '' the pre-paid envelop and had to mail the documents as is. Needless to say, as of XXXX/XXXX/2015 the documents have not reach BofA 's documents center and are now considered LOST. The post office claims they do not have my package, and BofA claims they have not received my documents either. I am stuck in the middle with my personal information floating somewhere, with no real help available. BofA is claiming since the documents have not reached them ( something they can not proved or disproved ) they have no responsibility to help. Even though, it was their instructions and envelope, they do not track the packages in anyway ( nor to the note that information in the refinance package ). This seems ridiculous. Customers are mailing personal and highly confidential information to them from all over the country and they not only do not track the packages they also hinder the consumer from doing so as well. This process is very flawed and I am not sure what the Bureau can do, but I wanted this practice to brought to light. I was informed by a BofA representative, that mail gets lost every day, and there was nothing they ( or I ) could do about it. I was to either resend the forms or lose the refinance. What is even more frustrating, is that I was informed, after the documents were lost ( of course ) that I could have gone in to ANY BofA location and faxed the documents to the XXXX office for FREE. I looked and this was not noted in any of their instructions. They did supply a fax number but DID NOT state the option of going into a branch. That XXXX simple piece of information could have saved me from the frustration on the entire refinance process. I now have frozen my credit and researching a credit monitoring company to protect me from potential identity theft. My problem is not with the people I worked with, it is with the process that leaves consumers at risk. I trusted BofA and the have completely let me down. 
",positive
1787780,"I applied for a pre-approval with Sirva Mortgage on XXXX XXXX, I received approval for $ XXXX - I advised that I did not plan to buy until XXXX as it is a relocation through my job promotion. We agreed we would put down XXXX % of the loan as the deposit and my company would pay for the closing cost and i would be responsible for prepaids. A couple days later we ended up finding a property for $ XXXX, my relator reached out to XXXX asking for a preapproval letter and with the offer we planned to make asking for $ XXXX in prepaids. We spoke with XXXX XXXX a loan relocation counselor and she stated it was illegal for us to ask for the seller to pay anymore than $ XXXX - my relator challenged her and explained the amount of the takes - she was admit that the prepaids would not be more than $ XXXX - this conversation took place with her on XXXX XXXX - from that moment on, we knew we had to show up to closing with 5 % minus the deposit we put down which meant we would need to come to closing with $ XXXX. On numberous different occasions we received a new loan disclosing document - in speaking with our processor, she stated they were not accurate and as it got closure we would have a more accurate document. After our home inspection, there were some repairs that needed to be fixed, we agreed with the seller to accept a $ XXXX seller credit for repairs. On XXXX XXXX, we received what was supposed to be our "" final '' loan disclosure showing what we needed to bring to closing. The amount was about $ XXXX different than what Iwe were previously told to bring to closing - with a remaining $ XXXX and the difference of the $ XXXX for repairs we were under the impression coming to closing would be reduced meaning e would need to report to closing with about $ XXXX - I called into the processor that day - mid-day, I did n't get a response back from the processor until about XXXX and she was asking where we were going to get the remainder of the funds to close - I explained again as I had XX/XX/XXXX XX/XX/XXXX it would come from my husband and I pay as at this time we had $ XXXX - I asked why the $ XXXX repair credit was not listed and she stated she did n't know but would call me back - she also stated that I would need to have 2 months of reserve prior to closing - I explained that at no time did anyone ever tell us this and now 7 days prior to close they are saying we owe more than anyone had ever told us. She returned a call to me about XXXX stating that they corrected the error on the sheet and now we only need to come to closing with $ XXXX - I explained that was never shared with us - she then explained she understood why we thought the numbers were different but the issue was that the loan counselor XXXX gave us the wrong number she stated that pre-paids were actually {$6900.00} and the $ XXXX repair credit was used to offset that - I explained that no one has ever shared that and she then explained that aalthough my job was paying all my closing cost that {$980.00} could not be paid by my job and had to be added to the prepaids. I sent an e-mail of complaint that Friday night, on Mondday I continued the conversation with the processor who then sent me another statement reporting we needed $ XXXX - I stated this did n't make since, she asked did n't ehce closer call you 10 days ago, I explained I received an e-mail from the closer asking if we were going to be at the closing but no conversation. Later that day, we received another closing statement, then a different on Tuesday and a different one on Wednesday and then I received a call from the CEO - "" XXXX '' attempting to explain the issue and advised they were going to give a lenders credit so we would be at closing with the $ XXXX but we are still short $ XXXX for repairs, my conversation with him was on Thursday about XXXX where he then advised our prepaids were not identified at $ XXXX 
",negative
1384678,"Roundpoint Mortgage Servicing Company says I owe them {$3700.00} which represents an escrow shortage. They assumed my mortagage in XX/XX/XXXX from XXXX XXXX XXXX XXXX. I have received XXXX prior Annual Escrow Account Disclosure Statements from Roundpoint ( XX/XX/XXXX and XX/XX/XXXX ) indicating I had a surplus. This is Roundpoints accounting and due diligence errors and I should not have to suffer financially because of it. 
",neutral
1420097,"Started a refi with bank of America in XXXX 2015 today is XXXX XXXX 2015 .I fill i have been discrimanated agaist starting with the loan officer to the underwriter. Bank of America XXXX XXXX like laws have made this very frustrating.After a heated conversation with the loan almost immediately he change all my info .I havent spoken to him since XXXX, someother person has been assiting me.Never have i had such awful service .All info submitted and still no CLOSE/ 
",positive
1606228,"I applied for a refinance loan with Leading Mortgage Solutions in XXXX XXXX, and with XXXX XXXX. After approval and before the closing, I was told directly to NOT pay my XX/XX/XXXX payment and that the loan would close before then, and there would not be a 30 day late marked on my credit report. I took their advice. Fast forward a month to XX/XX/XXXX, when I applied for a loan with a different lender for a XXXX home, I was told that my credit report showed a 30 day late payment from the refinance transaction that I was assured would not be there. I complained to the company, they informed me that I was incorrect, that there is no blemish on my credit, and that I should call the old company to resolve myself. I found this unacceptable, and filed a poor review on XXXX. They contacted me via email, as well as rebutted the XXXX review, and again claimed I was wrong, and to clear it up myself. I told them I expect them to clear it up as it was their advice that led to it. I have filed a complaint with the XXXX, but am hearing the same from the company about how I am incorrect. Even after I sent XXXX XXXX screen shots of all three credit reports showing the blemish, he tells me to call the former lender and clear it up myself. 
",negative
1424338,"To whom it may concern : Can ANYONE help? I have fulfilled all requirements re Claim # XXXX dd XXXX Green Tree Loan Servicing, & I am being told that I MUST wait until further investigations are complete before the check which was issued by XXXX XXXX can be released to me for completion of repairs to the home I live in. 
I have an XXXX 15 year old daughter who is suffering in this HEAT WAVE -- -along with XXXX cats, a bird my wife and myself. 
No hotel will take us. 
My next step will be an attorney & the Media. 


XXXX XXXX 
",positive
1502823,"I filed Bankruptcy XX/XX/XXXX and did not include in mybankruptcy filing my security interest in XXXX XXXX XXXX AL XXXX as I was not the debtor on this loan. Irecently received notices from Regions Bank that they wereseeking an automatic stay and co-debtor stay on XX/XX/XXXX. Motion was granted and I was ordered to pay attorney feefees in the amount of {$420.00}. I am asking the CFPB tointercede in this request for fees due to the following:1. I was never a co-debtor. I did not sign the promissory note. 
The note was signed by XXXX XXXX XXXX in her name alone. Iam not responsible for this debt and any fees arising fromactions on this debt, the debtor is responsible. 
2. I did sign the mortgage along with my brothers accordingto the requirements of Regulation Z acknowledging myinterest in the security and my right of rescission. 
3. Since I did not sign the promissory note, only XXXX is responsible for all debts arising from thelegal actions pertaining to this loan 's default and Regionsshould pursue her not me for any default/attorney feeson this loan. 
4. I have not assumed or refinanced this loan in my name 
",negative
1596216,"I have already put in XXXX complaint regarding this company. They reneged on the interest rate lock period. However in communicating with XXXX XXXX, he sent me the following information about the procedure of setting up the loan and getting an appraisal. As you can see, XXXX states that '' we lock the rate for 45 days. Once we receive your documentation that is when we move forward with the appraisal and ultimately bring the loan to closing. "" XXXX, I followed XXXX 's instuction and had the appraisal done. However, all of my information was not submitted before the appraisal. I paid, I believe {$420.00} for the appraisal and yet, my XX/XX/XXXX tax returns were not turned into XXXX. I actually did not get my XX/XX/XXXX tax returns until XX/XX/XXXX The directions were not followed. XXXX XXXX then rescinded my 45 day interest rate lock and I lost my money and the ability to get the loan that I wanted. I sent XXXX an email telling him that the proper timing for the appriasal was not followed, but I have n't heard anything from him regarding a return of my appraisal costs. The email to XXXX is as follows. 

Obviously, if you do n't have my XX/XX/XXXX tax return, the appraisal was done prematurely. 
From the start, I told you that I did not have my XX/XX/XXXX tax return and you told me that the deadline extension would suffice. I sent that in to you. You didn '' t tell me that you needed my XX/XX/XXXX tax return until almost the end of my first interest rate lock. 

XXXX XXXX XXXXXXXXXXXX ( XXXX XXXX XXXX 
",neutral
1706786,"New mortgage with XXXX which was sold to shellpoint mortgage company. With all of the sudden change and confusion I had sent out post dated checks from XXXX. Upon no response as to checks received when I asked on the XXXX of XXXX I issued another set of checks for the monthly payments. I informed shellpoint that I stopped payments on checks XXXX to XXXX and replaced by checks XXXX. I asked them to destroy or return the checks upon receipt and keep the new checks. Shellpoint refuse to destroy the checks but submit them both monthly. I told them I can not afford XXXX sets of checks to be cashed monthly as payment on my account. Shellpoint is charging me NSF payments and late charges to my account for every month although they are receiving the monthly payments from my account monthly. I was told that I have until the XXXX of the month to make monthly payments. The checks they have on file are dated the XXXX of each month. 
I was told over and over after numerous phone calls and also after lodging a complaint that it is my error and the fees will stand. I find it very misleading by shellpoint for charging me all these fees and also telling me my account is in good standing. I asked if I could do auto debit from my account or pay over the telephone effective now for future. I was told the checks will still be deposited and I will be charge. Checks for XXXX, XXXX, XXXX, XXXX, XXXX XXXX and XXXX, XXXX, XXXX, XXXX, XXXX, and XXXX XXXX which they should return to me or destroyed ; instead they are depositing them and they were notified well in advance that they were stopped. A total of XXXX checks I am getting charged nsf fees and late payments for each month. They were notified immediately in XXXX. When I initiated the calls each time I was told they did not have my file from XXXX. I got scared and cancelled the checks and contacted my lawyer that did the mortgage because I did not know where they went. I only cancelled the first set of checks because I was instructed to do that by my mortgage broker and the mortgage lawyer. I would like shellpoint to destroy the checks or return them with confirmation and remove the late and nsf fees they are charging me unnecessarily which will run until XXXX XXXX. 
",negative
1858635,"In response to your CFPB I am sending you this. I am also filing this with CFPB. As you wanted proof and you did not include entire emails just what you chose to send. As stated XXXX did not even give me time to accept or reject the application as it was dated and sent by snail mail on XXXX/XXXX/14 and was not mailed out til next day. I did not receive it til after XXXX on XXXX/XXXX/14 I sent them an email directly after and called them and was told time had passed. This again was a violation from XXXX against the XXXX as you are to be given 14 days to accept or reject and they would not let me accept because it was after the XXXX date at XXXX so there was no time to go to bank, get notary and send. I tried multiple time to send in to agree and they refused. They purposely mailed late and then stated I did accept in time when there was no time given. Make sure you have the facts and I printed out all the emails and requests from XXXX which were obviously not used because it proves the violation right there. 

Here are the other items that you have continually not addressed as well and this is the 5th time requested. 
1 ) I have repeatedly requested a meeting with XXXX XXXX and he has never responded. To date I have left about XXXX messages with no response in past 3 months. I have yet to this date to ever have a phone conversation and have left numerous detailed messages and emails. 
2 ) I have never been allowed to access loan online and I have attached the copies of the about 15 times requested it locked me out as soon as I registered and has never given me access nor has customer service responded or helped. 
3 ) I requested appeal info from XXXX no response in 30 days and I sent in my own with tracking # XXXX ovenight. 
4 ) I have requested as per your email to have him send out another application which I will complete with higher earnings and I do not excessive obligations at all and my finances show that I can make a XXXX payment or higher and I requested other options such as repayment or forbearance and get caught up with extra payments within 6-9 months. 
5 ) So yes I am requesting a new financial packet ASAP and I have requested from XXXX but he has not responded. 
",negative
1442943,"XXXX XXXX XXXX ( XXXX, Ga ) is a for -profit school that is holding my transcripts hostage for what they claim I owe {$3900.00}! I attended this university in good faith for XXXX years until suddenly I "" maxed out '' my financial aid. Now, it 's kinda odd that this would happen when I 'm XXXX credits into my XXXX credit degree program, but I 'm not the only one this seems to happen to. This school is STILL trying to make a profit off of me even though I could not pay out of pocket to continue my education with them. They are now preventing me from moving forward with my education and are hindering my quality of life! 
",positive
1304180,"I filed for bankruptcy about XXXX years ago and since my loan was taken over be Green Tree Services. Up until XXXX 2015 I have never missed a payment my job had ended and I was able to get a job in another state so I could not pay my payment for XXXX. I called and tried to ask if I could use my bankrupcy protection but all I got was I need to make my payment now. I talked to a realtor and we agreed she should try and sell the house she listed it on XXXX XXXX th 2015. We moved on the XXXX XXXX they keep calling to get payments as we were about to be late. I told the person I was not late and the house was on the market he wanted payment now. We had a full price offer on the house in XXXX so I called and told them the house was sold. My realtor calls me a XXXX days later and said that the mortgage company had changed the locks. I called and they said that I had abandoned the property? How did I abandon when I am still paying the electric and water on the property. We found that they had disconnected our meter in the basement for the water I had already turned it of and winterized the house. I called them and said again the house was sold once again they wanted payment told them they will get paid when the house closes on XXXX XXXX th. Keep calling wanting payment and threatening foreclosure if I do n't pay them. I am sick of them that do is want money and call constantly HELP. 
",neutral
1305828,"My business collapsed in 2013, forcing my wife and I to leave our home and move in with family. My mortgage company, America 's Servicing Company, took possession of the house and changed the locks before they were supposed to ... and before we could remove all of our possessions. We applied for a deed in lieu of foreclosure, XXXX. Our initial paperwork was lost. I contacted you last XXXX ( 2013 ) regarding our situation, and they were fairly quick to respond. Since then, we have had XXXX home preservation specialists, had our home in active foreclosure ( with XXXX auction dates ), and have been told most recently that there were no plans to foreclose and our deed in lieu has been approved. We were told to contact Mississippi Home Corporation to arrange for authorization for ASC to request that they subordinate their lien on the property ( we received money through the Hardest Hit program to try and keep our home ), which we have done, in writing. After receiving a notice that we are now assigned to our latest home preservation specialist ( # XXXX ) just a couple of days ago, we receive a letter from an attorney 's office that we are indeed being foreclosed on ( again ) and being sued for over {$210000.00} on behalf of the primary lienholder. We 've had no other recent communication from ASC regarding our account aside from our monthly statements. I will be writing to the attorney to attempt to postpone the sale ( no date yet ). Please help us if you can. 
",negative
1456377,"We sold our house and the realtor that we used hired a closing company to close the house and pay off the mortgage. It is the mortgage companies job to get the correct pay off amount and issue it to the closing company. The closing company did receive the pay off and fowarded it to Guild. They received the payment and signed for it and then lost or misplaced the payment and are now charging interest on the mortgage because of their neglect to find or post the payment. Guild now wants us to pay the interest out of our escrow account stating they have not received the payment when in fact I have signed documents from their employee that they did receive the payment. 
",negative
1826041,"In XXXX XXXX we filed for a loan modification with Stonegate Mortgage due to a loss of job. We were simply asking for the removal of PMI, due to being over XXXX % LTV. We have had over 30 conversations with the company since we filed this, and get different answers almost every time. We were originally told the process would take 30 days, this drug in XX/XX/XXXX and were we given several conflicting reasons why. 

On XXXX/XXXX/XXXX, we were denied the modification due to "" being current on our loan. '' This is an issue, because we are currently in Chapter XXXX and this same mortgage company threatened to file for foreclosure if we did not make a payment on the XXXX of every month, so we had to stay current. The HARP/HAMP regulations also state being current is not a dis qualifier. 

We were told we could file an appeal, which is basically an email to the person who denied us. We have tried to reach out numerous times regarding the appeal and the company keeps saying they are looking at it. They said they can not provide us any further information. This process has now drug on for almost 6 months, without any resolution. 
",positive
1496086,"I applied for assistance in saving my home and was denied assistance back in XXXX 2015. My servicer is SPS and I believe they were missing some of my income as the amount they used in that review seems incorrect. I have recently submitted updated financial information via my attorney ( XXXX XXXX, 2015 XXXX and I believe I qualify for a loan modification to save my home. However, SPS has set a sale date on my property for XXXX XXXX, 2015. I am worried they will not post phone my sale date and I am asking for the help of the Consumer Financial Protection Bureau in asking them to allow me to be reviewed for assistance. 
",positive
1506832,"I currently have a home loan with Bank of America ( BOA ) which has been in place since XXXX/XXXX/XXXX. The terms are for a 30 year fixed mortgage at a 4.75 % interest rate. My husband, who was a joint owner of the home and my co-borrower, died on XXXX/XXXX/XXXX. I was the executor and sole beneficiary of his estate. As executor, I made the required notification to BOA and provided the information necessary to have the mortgage existing since XXXX changed to my name without any modification in terms XXXX/XXXX/XXXX. That mortgage continues in effect. 
I responded to a solicitation from Bank of America , N.A . that was included in my monthly mortgage statement which suggested that I "" may be able to refinance and lower [ my ] monthly mortgage payments. '' Although I had already begun the process of refinancing to modify my existing mortgage terms with an independent mortgage broker to take advantage of then existing lower interest rates to improve cash outflow, I called the number on the solicitation on XXXX/XXXX/XXXX and discussed a loan refinance of my current BOA mortgage with XXXX XXXX XXXX, Sr. Loan Officer with BOA , NMLS # XXXX. 
She was able to access my current loan information with BOA and offered to lock in the rate for a refinance loan application at 4 % and no escrow, the same terms as my current loan except for the lower interest rate. Based on her representations and estimated closing costs quoted, I agreed to lock the rate at that phone call which XXXX XXXX memorialized in an email on XXXX/XXXX/XXXX. I had to provide XXXX XXXX with a statement that the activity on my credit report was due to the other mortgage broker contact, that I incurred no obligation with that effort as well as other multiple requirements for information within XXXX hours. XXXX XXXX also took my credit card number to charge for the appraisal ( {$450.00} ) which she ordered and took place on XXXX/XXXX/XXXX but did not tell me I was also going to be charged {$15.00} for the credit report she obtained while talking with me. 
XXXX XXXX caused a Good Faith Estimate ( GFE ) dated XXXX/XXXX/XXXX to issue as well as numerous other documents relating to the loan application. The GFE and other documents were not received by me until XXXX/XXXX/XXXX, after the appraisal ordered by BOA and charged to my XXXX card took place. The GFE she provide was inaccurate. Although she confirmed to me by e-mail on XXXX/XXXX/XXXX that there would be no escrow, the box was checked "" yes '' that there would be an escrow for the loan with a corresponding increase in the representation of funds that would be needed at closing. 
Because of:1. The mistake reflected on that GFE causing the loan product itself to materially change,2. Documents were altered by or at the direction of BOA and submitted to the IRS,3. Wild fluctuations in the amounts reflected as due from me at closing without explanation, and4. New information requests made as late as XXXX/XXXX/XXXX after the loan processor represented that my refinance loan had already been approved on XXXX/XXXX/XXXX -- I ended this loan refinance application process on XXXX/XXXX/XXXX. 
Bank of America and XXXX XXXX XXXX, XXXX, engaged in a continuing pattern of RESPA practices ( primarily regarding the GFE ) which resulted in multiple misrepresentations regarding a loan refinance. These companies also altered documents in the mortgage loan process which caused a flag to be placed on my account with the IRS effectively closing my opportunity for shopping elsewhere for refinance of my mortgage currently held with Bank of America. 
",positive
1699531,"Nationwide Biweekly Administration failed to make my XXXX mortgage payment without notifying me that they would not be making this payment. 
",negative
1792532,"I have XXXX private student loans that were sold to collection agency and I was paying thinking I was paying on both - then a received a letter from an attorney 's office wanting to collect. I called the agency that I was paying and they said I am only paying XXXX loan and the other loan was taken from their office and there is nothing they can do about it. 
What can I do - I tried calling the attorney 's office who is collecting on the loan but they never answer or call me back. 
",negative
1469119,"I have been paying off my loan through the Rhode Island Student Loan Authority since XXXX, which is when I graduated from the University XXXX. Initially, I was paying $ XXXX/month, which was too much for me to handle, so I requested in XXXX that they lower it. They told me they could n't do that. 
In XXXX, I had to go into forbearance based on my income at the time. When that forbearance term ended, my payment had magically become $ XXXX/month with no indication as to why that happened. 
I found out today ( XXXX/XXXX/XXXX ) that they lowered it because of my forbearance term and that they could n't decrease my monthly payment any further. The person told me that 's because they can not extend the life of the loan behind 15 years. 
Basically, I do n't understand how they could n't lower my payment 5 years ago, but then they magically could a few years later. This is absurd and I can not handle paying $ XXXX/month right now. 
",negative
1467828,"XX/XX/XXXX I was put in contact with XXXX XXXX who works for Nations Lending Corporation for a mortgage. I was told that I had to enroll in his mortgage company 's credit repair and monitoring program to qualify. He said as long as I did this I would get my loan. He instructed me to not get any credit cards and to keep paying the monthly fees. For over a year they took the fee every month out of my checking account automatically. The only activity I saw was in XXXX XXXX they put everything in dispute on my credit report. That was the only thing they did. Nothing was repaired at all. Whenever I tried to contact XXXX or his wife XXXX I would have an extremely hard time getting a hold of them. I would leave multiple messages it took days for them to get back to me. When I did get a hold of him he would give me the run around tell me he had to check on something and will call me back. I would n't hear from him again for days to a week. I was given access to their website to check progress they were making nothing would ever change. Which is why I kept calling them for status of my credit and never got any answers other than, not to worry, and reassurance that the loan would be approved as long as I stayed with their company. I received the XXXX pre-approval letter from them XXXX XXXX so I was under the impression things were moving along. I received a XXXX pre-approval letter Apr XXXX and was further reassured. I have all e-mails between XXXX and myself and even the screen shots of their website of my report. They have kicked me off the website. XXXX XXXX XXXX XXXX called me and told me there is a problem with my loan. She said they were n't going to give me the loan after XXXX pre approvals. She told me that XXXX negative strikes showed up on my credit on XXXX XXXX and XXXX on XXXX XXXX. But the last pre approval letter was dated XXXX XXXX, a month after the negative strikes affecting my credit showed up. I reviewed the credit report they sent me and found a strike from the VA for an over payment on a GI bill that was paid in full XX/XX/XXXX. I called the VA they said it should n't have been reported and they do not know why it was. I asked them to remove it but was told there is nothing they could and will be there for 7 yrs. I 'm a XXXX Vet. In regards to this I got in contact with my State Rep XXXX XXXX. His office told me to contact XXXX XXXX who handles all VA issues for Congressman XXXX XXXX. XXXX XXXX conference called XXXX XXXX who handles financial issues for the congressmen. XXXX XXXX said he will contact the VA tofix the issue. XXXX XXXX is contacting the government affairs office at XXXX XXXX XXXX to see if it was possible to get a extension on the Short Sale of the property since the closing date was XXXX XXXX. The other XXXX strikes on my credit report were from XXXX XXXX and XXXX. I handled them right away. Now my credit has been checked too many times and shows up as a negative. I called NLC 's Corprate office with this new info spoke to XXXX XXXX. He told me that I had to fix the strikes on my report to get the loan and did everything they told me to do. I was denied the loan. XXXX XXXX told me to contact XXXX XXXX. who started the whole loan process over again. They were aware of my contract date my time was running out. They waited until XX/XX/XXXX to finish the paperwork and denied me for the loan again. I was told this by XXXX XXXX who is higher up in the company. He told me that this should n't have happened and their agents handled it all wrong, it should have been fixed in XX/XX/XXXX, but I was n't notified. XXXX XXXX damaged my credit and lowered my score. I 'm trying to get an extension from XXXX. No one is approving me for a mortgage. I 'm going to be homeless with my XXXX sons one 's an XXXX, their mom, and a XXXX XXXX. I need more time to get rescored or NLC to give me the loan. We are desperate. 
",positive
1572869,"I had my home with XXXX MORTGAGE, I asked for a loan modification and was denied several times. Then they sold my loan to Green Planet. I asked for a loan modification, and they denied me for no legal reason. When I inquired about it they sold it to Planet lending. I asked for a loan modification from Planet Lending and they denied me a modification as well. My home is a M E R S account. THE FORECLOSURE PAPERS THEY TRIED TO FILE SAYS MERS AGAINST ME. M E R S HAVE NO LEGAL GROUND TO FORECLOSE BECAUSE THEY ARE NOT THE OWNER. Now Planet Lending filed a foreclosure. I am fed up with the wrong that was done to my family and myself. I am asking for help for the injustice. I asked for the recording of the sale and original contract and no one could send me anything 
",negative
1573240,"On or about XXXX of 2014, I made a regular mortgage payment to U.S. Bank. They returned my payment and stated that they do not accept partial payments. When I reached out to U.S. Bank in an attempt to understand what happened, no one could help me or explain what the problem was. 
Every month thereafter they have not accepted my payments because they deemed my XXXX payment a partial payment. 

I am XXXX years old and I do not understand what the problem is. I had enough money to correct any mistakes and make XXXX mortgage payments back in XXXX, but U.S. Bank did not work with me, despite my loan being an FHA loan. 

U.S. Bank has now filed for foreclosure against me, and I still do not understand what happened. They still are not working with me. 
",neutral
1554006,"For over 4 years I have tried to due a loan modification with my lender. When I first applied my loan was with XXXX XXXX XXXX. I proceeded to go back and forth with them for well over a year and was told i was missing paperwork or my paperwork was incomplete. However, XXXX XXXX XXXX could n't tell me what was missing or incomplete. Instead, I had to reapply. This time all just went ignored and eventually my loan was sold. Now I 'm left to reapply yet again with with SPS. I have applied with them XXXX or XXXX times even paying to receive mediation XXXX. The most recent mediation took place in XXXX of 2015. Prior to my mediation I had informed all parties to include, SPS, the mediator and XXXX that my income was reduced by {$1500.00} per month. I was approved for a Tier 1 Harp program but it was at the wrong grossly income. At mediation, all parties did n't seam to think or feel that my income being reduced by {$1500.00} was that big of a deal. I did not sign the agreement and was advised to appeal based on my gross income being incorrect. I was advised at mediation that I had 30 days to submit by appeal. However, a letter that I received stating that I was approved for program was received 2 weeks prior to my mediation date and the bank is denying my appeal stating that I had 30 days to appeal based on the letter not the mediation. I had no idea of the terms of the agreement until I attended the mediation. This has all been rather confusing and I have complied with everything multiple times and have provided all requested and necessary documents to the lender. I received an email that they were denying the request to correct my income. I have provided them with current bank statements as well as current pay stubs in addition, I also provided bank statements from my estranged husband showing that he was paying and had been paying on the house that we where on a loan together. I have mailed letters and followed up with XXXX as well as sent all parties an email asking for yet another application to reapply since that is what they where wanting me to do since they would except and or allow the changes to my pay. This is a frustrating for all this could have been resolved 4 years ago. But then again this has allowed the bank to charge all these outrages fee 's to to my loan. Let al the bank loan payments, late fee 's, mailing fee 's ( which in access they will send XXXX of the same letter everytime ). I feel as I have been giving the run around and now I received a letter stating the foreclosure sale date to be XXXX XXXX, 2015. The bank as yet to respond to my requests has brought me here. 

Regarding a question below, I did n't pay an outsidecompany for assistance but paid XXXX $ XXXX XXXX seperate times to receive mediation. 
",positive
1691143,"I entered into a SAM with Ocwen in XXXX XXXX. In early XXXX I received a XXXX stating that Ocwen had cancelled the SAM Waiver amount of my loan. On XXXX XXXX, XXXX I had a call with my Customer Relationship Manager from Ocwen, which is noted in my file. I asked her XXXX - XXXX times to confirm that the XXXX was correct, and that the only principal that I am responsible to payoff is the interest bearing portion of principal of my loan. She confirmed this each time I asked her. So, based on this I borrowed funds and took our personal funds to fix up our home so that we could sell it for as much as possible. The house went on the market in XXXX, XXXX. By the end of XXXX we had a buyer. We went to close on the sale of our home at the Title company where the seller and his broker, my broker and the title company personnel moved forward to execute the closing. We had requested a payoff from Ocwen on the XXXX of XXXX. On the XXXX of XXXX at the Closing, we finally received the payoff quote from Ocwen. The payoff amount included the amount that the XXXX had reported as being cancelled! Obviously we could not close because this immediately put us underwater again by {$65000.00} plus the money we borrowed and invested to get to a sale. Ocwen continued to run us around their merry go round of departments - XXXX, Escalation, Payoff, and Research until the XXXX of XXXX. Their research department came back and stated that we were 3 days late on a payment in early XXXX and that this nullified the cancellation of the SAM principal. Out of XXXX payments made to Ocwen from the start of this SAM, there was XXXX payment made per month. The payment that they claim was 3 days late was mailed to them on the XXXX of XXXX, XXXX. It did not get processed by Ocwen until the XXXX of XXXX, XXXX - 36 days after it had been mailed to them. I was never notified that my SAM was cancelled. I was never given a new payment reflecting that the SAM was cancelled. My XXXX never advised me that the SAM was cancelled. 
I have had to further reduce the price on my home with the XXXX buyer that we have been able to secure in order to keep him interested. My date that he walks away is XXXX XXXX, XXXX. We reviewed the CFPB suit filed in late XXXX against Ocwen and noticed immediately that the number one item that they were found guilty of was the POOR performance of their payment processing and all of the additional fees that this enabled them to collect. In our case it is over {$200000.00} for a 3 day delay. We are extremely underwater in this transaction and will probably be forced into a foreclosure basis if Ocwen is allowed to add the SAM waived principal back into the payoff. We have serious financial damages that have occurred and are continuing to occur because of our failure to close the sale of this home. Ocwen 's slogan of "" Helping Homeowners Is What We Do '' is wrong! They do their Best to frustrate the homeowner in the hope that they will just go away and drop any further questioning on their behalf. I am confident that Ocwen took full tax advantage of the Cancellation of Debt in XXXX that they reported to me on the XXXX. There are probably other benefits that they have received by doing this also. Ocwen has Gained and We have been damaged severly by their actions to date, and stand to be further damaged financially if we have to let our home go into foreclosure. XXXX actions are NOT right and WE NEED YOUR HELP to help us with this mess! The XXXX suit against Ocwen clearly stated that they were Not to do this kind of action any longer, but they continue to be the Winner and the Consumer Continues to be the Damaged Loser when dealing with them. PLEASE HELP!! 
",neutral
1681835,"I am contacting the CFPB for help in trying to deal with my mortgage company, HSBC Mortgage Service Center. Please see the attached original mortgage note which shows this loan originated on XXXX/XXXX/XXXX with the original principal balance of {$410000.00} with a rate of 6.125 %. This was a full document loan with good credit. I had been promised a 5.875 % according to the attached commitment letter but at the time of closing, I was told the rate was locked at 6.125 %. As you can see on the HUD XXXX settlement statement, I was charged {$10000.00} to the broker and what I was informed well after the fact the broker also made the yield spread on the rate of {$7300.00} for a total of {$17000.00} on a rate and term refinance. The purpose of this loan was to combine the XXXX and XXXX liens which were both taken at the same time when the home was purchased. This loan also had PMI for being over 76 % LTV according to the disclosures so this should be considered a conventional loan. HSBC contacted me to modify my loan back in XXXX of XXXX reducing the rate from 6.125 % down to 5 % but was a step rate modification set to increase to 6 % XXXX and then to 6.125 % for the remaining 40 year term which was extended from 30 years. So this modification was raising my rate higher than it even was. And extending my term. The modified loan amount was {$400000.00} after including an unpaid principal balance of {$400000.00} making the new money amount only {$3400.00} which was just a little more than XXXX payment I was due as they told me to hold off paying that because the refinance was going through. At the closing, when I saw the rate would be increasing after 5 years, I was told not to worry, they will refinance or modify this loan before that happens when it is time to remove the PMI I was paying monthly.The reason my loan fell delinquent was because back in XXXX of XXXX, XXXX XXXX hit our area devastating many homes and leaving a wake of damage. Although the damages to my property was not severe compared to many, I still depleted my savings to remove a down tree across the driveway and repair the fence and roof. That same month due to the decline in business and damage to the offices, I had lost my XXXX job after 9 years with XXXX XXXX XXXX, which was a reduction in income of {$2400.00} a month. My monthly net income was nowhere near enough to cover my mortgage payment, let alone any of my other expenses. I was in shock after now having no savings and no additional income, I quickly applied for a loan modification which took several months for a decision to finally be made and I was declined. I was declined several times thereafter for different reasons from the value of the home to having too much debt when I have nothing on credit but my mortgage or not enough income which my income is at a 35 % ratio during the last review which is not out of range. The most recent denial was from XXXX/XXXX/XXXX stating I do not show sufficient income in addition to my monthly expenses. I was advised my monthly expenses were calculated to be much higher than they were and I was told it was due to accounts reporting to credit. I quickly pulled a tri-merge credit through XXXX and the only open credit account is this mortgage. There are no liens, no collections and no charge-offs or judgments. HSBC advised me to forward that credit and they will get back to me but never did and never addressed this. I was told I can just re-apply. I am now at the point I have been served with a foreclosure summons. 
",negative
1717306,"My existing mortgage servicing was transferred from XXXX XXXX to SunTrust Mortgage Inc . Shortly thereafter Sun Trust did an escrow analysis and refunded me {$2300.00}. On XXXX XXXX 2015, I received a letter from Sun Trust that in fact my escrow account was short {$4100.00} And either I paid the full amount or my mortgage would go from {$2500.00} to {$2900.00}. When I called for an explanation I was told that when the servicing was transferred, XXXX XXXX had not paid my local town taxes. I told them that they should go after XXXX since they were they ones holding my escrow and should have made all payments prior to the transfer. I returned the money they sent me in error but I will not paid anything more than what I was paying before the servicing was transferred. It is Sun Trust mistake and they not me should be responsible. I spoke to their Customer service Virginia, XXXX XXXX and XXXX XXXX who did the research and realized their mistake on XXXX/XXXX/15. See attached correspondence and tax statements from town. 
",neutral
1710981,"A former employee, forged money orders from consumers using her as the loan officer in the US XXXX XXXX of XXXX XXXX. We have been able to track down $ XXXX worth of forged MO. The individual also took cash form other consumers. The loan officer befriended the customers and got them to take her blank MO and told them she would take care of the services and pay with the MO. She forget the MO to look like it was used for the service but cashed them for her personal use. 
",negative
1492370,"Our original VA loan was obtained from XXXX XXXX. We were current on our loan. We entered into forbearance agreement for XXXX months due to the XX/XX/XXXX XXXX. During the forbearance we paid as requested from Mortgage Investors {$800.00} for each month during forbearance. During this period of time we received foreclosure notices and incurred late fee. The paper work stated none of those things would happen during the agreement period. After entering into the forbearance XXXX XXXX sold our loan to XXXX. We were not notified that the loan was sold to XXXX ; we just started getting foreclosure notices with payment demands. Our Escrow money was also not transferred over with correct amounts. 
FACTS AT THE TIME OF TRANSFER FROM MORTGAGE INVESTORS TO XXXX : OUR LOAN WAS CURRENT WE WERE IN A FORBEARANCE WE WERE PAYING THE AGREEED AMOUNT OF {$800.00} IT WAS AGREEED THAT DURING THE FORBEARANCE PERIOD THERE WOULD BE NO LATE FEE 'S ASSESSED NO FORECLOSURE, NO ADDITIONAL INTEREST. 
SUFFICIENT ESCROW MONEY IN ACCOUNT TRANSFER TOOK PLACE WITHOUT NOTICE FROM EITHER PARTYXXXX would not allow us to explain that we were on forbearance and continued to hire an attorney to foreclose. We provided the attorney and XXXX with the paperwork showing documentation that this should not have happened and the stopped the foreclosure, however told us that we needed to pay a large amount of money to avoid any additional attempts for foreclosure. We agreed to do what they asked of us, even though we knew we were not in the wrong and they had incorrect information, but we could not get anyone to listen to us, or provided us with exact amounts. Finally in XX/XX/XXXX XXXX indicated we needed to pay a lump sum, and pay extra each month to help with escrow balance. We did as they asked. XXXX performed an auto debit from our checking account each month. Come XX/XX/XXXX our loan was sold again to Green Planet. Again ... .no notices, from either the current loan servicer or the new loan servicer. 
FACTS AT THE TIME OF TRANSFER GREEN PLANET : WHEN XXXX BECAME SERVICER, THEY REQUESTED WE PAY SPECIFIC DOLLAR AMOUNT THAT THEY SAY WE OWED TO AVOID FORCLOSURE DUE TO FORBEARANCE. WE PAID THE REQEUSTED AMOUNT IN XX/XX/XXXX LOAN WAS CURRENT WITH XXXX WE HAD BEEN PAYING ADDITIONAL MONEY ON ACCOUNT SERVICER XXXX WAS AUTO DEBITING PAYMENTS FROM OUR CHECKING ACCOUNT SUFFICIENT ESCROW MONEY IN ACCOUNT TRANSFER TOOK PLACE WITHOUT NOTICE FROM EITHER PARTY XXXX DID NOT PROVIDE NEW LOAN SERVICER GREEN PLANET WITH CORRECT PAYEMNT INFORMATIONGreen Planet began to demand money, stating that we were facing foreclosure! I provided them with all bank information showing payments were current and not late, as these payments were auto debited from our checking by the loan servicer each month. We confirmed that the loan was sold and began to work with the new servicer who harassed us and failed to even answer our multiple questions, regarding our loan, our escrow balance, additional charges, etc. They began placing additional charges on our account but failed to explain what they actually were for. They began using our escrow money to pay for these items, but could not produce documentation that those services actually happened. At XXXX point a customer service rep told us that XXXX charge that was performed XXXX times in XXXX week was for property preservation that included mowing our lawn, picking up trash, and boarding up our windows! All of these never happened as we were living in our home and there is no record of anyone checking into our property during those times. You see we live in a gated community that requires check-in at a guard shack, and those visits are logged. When I asked for a copy of the bill from the person who they paid out of my escrow account, they could not produce it 
",negative
1872271,"I am being harassed by robocalls from Central Credit Services LLC. I receive robocalls to my cell phone and now at my workplace landline number- at any hour of the day including Sundays. I asked this company to stop calling my workplace phone number in 2014- the representative has not honored that request, and the harassment continues. 
",negative
1674714,"I co-signed for a loan in XXXX with WellsFargo for my ex-spouse for XXXX. 
WellsFargo provided more loans to her without verifying my consent or me as co-signer. XXXX, XXXX additional loan was granted to her with me as a co-signer ( Without my approval or cosign ) 1. WellsFargo as a BANK continued to use my credential to issue additional loans and DID NOT verify my signatures. 
2. WellsFargo NEVER asked me for my permission on these loans, BANKS should verify the person ( co-signers ) upon whose name they are providing the money. 
3. Most Likely it is a identity theft issue also when my ex-spouse applied for more loans with my signature forged. 

WELLS fargo now is after me on all loans that she took, wellsfargo says I was the co-signer on ALL, while I was not. I co-signed only XXXX loan. The borrower doesnt live with me from XXXX and the bank is sending me letters for payments. I am not responsible for any loan that I did not co-signed. 

I already sent documentation to wells fargo telling them to remove my name on the XXXX loans taken in XXXX. 

Attachements : Copy of XXXX promisory notes that wells fargo sent me. NOTE the signature differences. 
",neutral
1340086,"Bank of America ( BoA ) suspended my home equity line of credit based on a credit report they received that showed serious delinquencies, amounts past on on accounts, too few accounts currently paid as agreed. When I learned this I requested a credit report from the agency BoA indicated they used. The credit report I received did not show any delinquencies, amounts past due, or accounts not currently paid as agreed. In fact, there was nothing negative in the entire report dating back many years. BoA subsequently reinstated my line of credit. 

I asked BoA to provide me with a copy of the credit report they received from the credit reporting agency on which they made their decision to suspend my account. I explained to BoA that it appeared that the credit agency was providing different information to them than they were to me and that I needed a copy of the report they received in order to confront the credit agency. BoA refused to provide me with a copy of the report and stated that they could not because it would be "" against the law '' to do so. 

Is it really against the law for BoA to provide me with a copy of the credit report on me that they used to suspend my account, especially when they understood that that report contained information entirely different that the information the credit agency provide me? 

How can I get BoA to provide me with a copy of the credit report on which they made their decision? 

None of the categories below match really well with these facts so I picked the one that was closest. 

Thanks. 
",positive
1660612,"I am in the process of doing a HELOC with Bank of America. The originator of my loan application. The originator said I could have my home appraised because I disagreed with their automated valuation tool. Today my processor tells me that BofA is refusing to send an appraiser to my house because I have n't made upgrades in last 365 days. It is my understanding that I 'm entitled to a appraisal from a licensed appraiser if I disagee with their home valuation software aswell as I was told by the orginator before I applied. 
",positive
1390998,"My husband and I purchased our XXXX home in XXXX through Wells Fargo Home Mortgage. Our home flooded in XXXX, XXXX and XXXX. We decided in XXXX to move out due to me being XXXX with our XXXX child and the house being unhealthy to live in due to XXXX. We were told the house was going to cost more than it was worth to fix it. We paid on it for a year after we moved out because we were unsure what we would do. We decided after that year we would try a short sale, when that did n't pan out we decided foreclosure was our only option. We went through the process and the house was put up for auction and foreclosed on on XXXX XXXX, XXXX. My husband is a veteran and we were told that it may be possible after XXXX years to try to purchase again through the VA. We called a friend in the mortgage business to see about being pre-approved and found out our names are still on the deed to the home we no longer own. It was a third party buy back by Wells Fargo XXXX the original lender ). I have called them, they had me call the foreclosure attorneys XXXX and XXXX. they informed me that HUD had n't given them instructions on what to do with the home due to the fact it is damaged. I called HUD and they told me to call the XXXX and they sent me to you all. We need our names off the deed of this home to be able to purchase a new XXXX. The house we live in now is a rental and the rent is going up in XXXX of this year and we will not be able to afford what they are raising it to. We really need to be able to purchase again so we wo n't run into a living situation when that time comes around when our landlord raises the rent. Thank you in advance to any solution that can be brought. 
",positive
1429768,"As of XXXX XXXX, 2015, the Mortgagor was allowed to continue loan modification. XXXX XXXX, 2015 XXXX XXXX XXXX ( XXXX ), requested additional information ( XXXX verification documents ). As of XXXX XXXX, 2015, Mortgagor was sent, by way of XXXX and Residential Credit Opportunities ' ( RCO ) Attorney, a Notice of Foreclosure Sale. By starting the modification with XXXX on XXXX XXXX and XXXX/RCO initialing foreclosure sale, this is clearly a violation of Consumer Financial Protection Bureau ( CFPB ) Rules adapted by U.S. Congress. The rule states that the server can not initiate a foreclosure sale within XXXX days of the foreclose sale date while negotiating a loan modification. This loan modification negotiation is within XXXX days of the scheduled foreclosure sale date violating the CFPB rule. 
On XXXX XXXX, 2015 the Attorney for XXXX/RCO were notified by certified mail of the aboveviolations. Mortgagor follow through with the loan modification documents as requested by XXXX/RCO in which the documents were received by certified mail and signed foron XXXX XXXX, 2015 by company receptionist, XXXX XXXX. This was XXXX daysbefore the requested due date of XXXX XXXX. The Mortgagor contactedthe company on XXXX XXXX where the male representative said the only item he saw loaded in the system was the original XXXX page hardship letter sent with the package to Loss Mitigation in XXXX. He also stated that XXXX XXXX was the person processing the loan, was not available at the time and should have the documents on her desk. Friday, XXXX XXXX, the Mortgagor spoke with another representative who could not find the certified mailed documents that had been signed for. Finally, on XXXX XXXX the Mortgagor was able to speak with XXXX XXXX of XXXX who was to be processing the loan modification. XXXX XXXX, who was informed that the conversation was beingrecorded, said the documents had not be completely loaded into the system and was still to be completely reviewed. She also stated RCO has the final say as to what XXXX decides to do with the loans because they are a private company, and that a letter had just been mailed denying the Mortgagor 's request for a short sale and payment amount. The Mortgagor asked why did the previous letter from XXXX states that an "" application in not required? "". XXXX confirmed there being no need to have an application for modification on file. As well, she stated the Mortgagor 's only other option would be to vacate the house if the modification was not approved. 
On the next day, Tuesday, XXXX XXXX a XXXX package arrived at the residentscontaining XXXX letters. The first letter stated that, "" You are not currently eligible for a loanmodification due to failure to provide loan documentation as requested. This is a final denial. '' The XXXX letter stated that "" Based on the income documentation you provided, you are not currently eligible for a loan modification due to insufficient income. "" Administrator XXXX XXXX of RCO, signed both letters and also stated the incomewas only {$760.00} a month and {$1100.00} was needed for PITI. But XXXX did not count for all of the monthly house whole income that was sent to his office certified. From all evidence, as XXXX stated in a previously recorded conversation that, "" They were going to take the house '' which is a predatory attitude and a violation of laws and rules. 
First, the XXXX pays stubs sent only accounted for XXXX weeks ' worth ofincome. The monthly school board pay is actually {$1500.00} per month. Secondly, XXXX did not count the rental incomes of {$900.00} per month, and business income of about {$700.00} a month. Finally, according to modification rule, a trial payment period is also provided after reviewing the income, before denial. XXXX did not try to qualify theMortgagor in good faith. A HUD Counselor had approved the loan mod. docs earlier 
",negative
1526477,"Mortgage was sold from Waterstone Mortgage Corporation to XXXX XXXX effective date XXXX/XXXX/2015. I was notified today XXXX/XXXX/2015. XXXX 12-13 days, not the XXXX as required by law ) Called Waterstone customer service, they said it has n't been sold yet and I should n't have received anything stating it has. 
",positive
1580852,"I refinanced my mortgage loan from US Bank through XXXX XXXX. I was told that I should receive a check for approx. {$700.00} - {$800.00}. I eventually received a check for {$200.00}. I have tried 3 times to try to resolve, US Bank treated me horrible. On the XXXX time the gentleman from XXXX XXXX conferenced called with me it took a hour and approx 15 minutes did not get anywhere at all. I am told that I should have received {$270.00} times XXXX plus the XXXX making a total of {$750.00}. It seemed when explained by XXXX XXXX US Bank did n't want to understand him at all, totally frustrated when it was completing explained in simple math and simple english. XXXX the rep we were talking to seemed not very versed in mortgage lingo. He talked circles and ignored the direct question that was asked a number of times, way more then should have been. He then towards the end of the call says he could n't help any further and i got back what I needed to get back. Then he proceeds to tell us XXXX still on conference call ) that I would have to contact the pay off/customer service number and they will further help me. I basically stated that the pay off/customer service could n't be the same and I do not!!!!! want to start all over again there was and extension given but when I turned around to proceed to call the given number in fact it was want I guessed it would be all over again with customer service so i decided to ask for the pay off dept to discuss my problem and according to her she like says ca n't get ahold of pay off then do not have direct lines, phones for customer 's to talk to them. Then i asked what the XXXX digit ext was and she told me its a branch pay off to get the verbal pay off COMPLETELY WENT CIRCLES!!!!! I would like the rest of my money returned to me ASAP as I 'm in need more then the XXXX dollar bank is. Here are the phones number and extensions that were given to me. 
US Bank XXXX XXXX no transfer when i used this XXXX customer service/pay off dept ext. XXXX ( not an extension ) XXXX ext XXXX. The gentlemen in which we spoke to his name is XXXX? his direct line XXXX. He stated he was a supervisor? I have a check for XXXX the remaining is XXXX. I was told this amount was taken out twice, in pay off then taken out of the refund escrow. 
Thank you 
",positive
1602176,"ComplaintMy wife and i filed for CH XXXX in XX/XX/XXXX, XXXX XXXX in Arizona. One of our creditors was "" Citibank '' wherein we proposed to treat CitiBank 's claim, which was secured by a second deed of trust on our XXXX at XXXX XXXX XXXX XXXX. XXXX AZ XXXX that had a value of less than the amount owing on the first deed of trust, as an unsecured claim which would share pro rata with other unsecured claimants in a {$50000.00} dividend ( the "" Dividend '' ). ( See Plan pages XXXX, and XXXX. ) As evidenced by the Certificate of Service on file in the case, the Plan was sent out to CitiBank and other creditors on XX/XX/XXXX. 
The Plan was approved and confirmed by the Bankruptcy Court on XX/XX/XXXX. A copy of the court 's Order is enclosed. 
Since the Plan 's confirmation, we have fully distributed to unsecured creditors, including CitiBank, all amounts required in the Plan ; and a final decree has been entered in the bankruptcy case. All of the Dividend payments have been accepted. In particular, a total of {$3600.00} has been paid to and accepted by CitiBank on account of its claim. 
Upon its confirmation, the Plan constituted a new contract with us and our creditors that superseded the old contracts. Section XXXX of the Plan provides that "" the rights afforded under this Plan and the treatment of Claims under this Plan shall be in exchange for and in complete satisfaction, discharge and release of all Claims .... '' CitiBank received its Plan payments and no longer has any Claim against us and therefore must release its lien. 
We received "" Notice of Final Decree and Order Closing Case XX/XX/XXXX. Since that date, we have written, phoned, faxed and mailed dozens of requests for CitiBank requesting to release its deed of trust against the Property, recorded on XX/XX/XXXX in the office of the XXXX County Recorder at number XXXX ( the "" Deed of Trust '' ) ; but it has thus far failed to do so. Even our attorney has written, but to no avail. 
However, they refuse to take any action. We have an urgent issue necessitating the sale of this property immediately, but are unable to do so because of the lien Citibank refuses to remove. And now, we have received a letter asking for a "" Voluntary "" payment of $ XXXXin order to release the lien on the property. ( enclosed ) If unable to have this removed immediately, we will be totally financially destroyed after meeting all of our financial responsibilities under the Bankruptcy court requirements and obligations. 
Thank you for your Assistance, XXXX XXXX 
",positive
1792323,"I have recently been approved for Mortgage Assistance payments though a State program, and the lender, M & T Bank is a participant of this program. In XXXX XXXX, the Mortgage Assistance Program paid for XXXX XXXX, XXXX XXXX, XXXX XXXX and XXXX XXXX mortgage which caught up all that I had got behind in payments. The agreement made between the State Program and the Lender is to pay {$760.00} Mortgage Payments during the need of my assistance. I noticed that my XXXX XXXX and XXXX XXXX Mortgage Statement has XXXX Dollars ( {$70.00} ) Return Item/Other Fee ( XXXX ) listed where it was 'NOT LISTED ' BEFORE. This bank ( M & T ) is trying to sneak in fee XXXX s ) that is not warranted. I called M & T Bank on XXXX XXXX, XXXX regarding this charge of {$70.00} and was told it was a monthly inspection fee. There was no inspection ( s ) done - I have been unemployed since XXXX XXXX, XXXX and "" NO ONE '' on behalf of M & T Bank came by to do a inspection. The next excuse was "" someone could have rode by ''. Riding by is not an inspection to determine if the house is vacant or abandoned. This fee of {$70.00} "" WAS '' added after the State Mortgage Assistance Program caught up my payments that I was behind. 
",neutral
1760999,"US Bank scheduled a foreclosure sale on my home. Before the relevant deadline, I requested consideration for a HAMP modification by submitting a loan modification package with all supporting documents. I submitted that information with help from a HUD certified housing counseling agency. I followed up diligently and responded promptly to further requests, even though US Bank created unnecessary barriers and made it difficult to communicate. But now US Bank is refusing to cancel the foreclosure sale as required by XXXX regulations and other rules. 

According to XXXX XXXX XXXX this foreclosure sale must be suspended. XXXX XXXX XXXX XXXX XXXX XXXX states : When a borrower submits a request for XXXX consideration after a foreclosure sale date has been scheduled and the request is received no later than midnight of the seventh business day prior to the foreclosure sale date ( Deadline ), the servicer must suspend the sale ... A borrower is deemed to have requested consideration for XXXX when an Initial Package is received by the servicer ... 

In my case ( detailed in the attached ) a complete Initial Package was submitted prior to the Deadline, and therefore the sale must be suspended. I have been proactive in following up with US Bank and I have responded promptly to all requests, despite the fact that US Bank has been very difficult to communicate with and has created unnecessary barriers. 

My complete loan modification package with all required documents was submitted to US Bank on XXXX/XXXX/XXXX with help from a XXXX certified housing counseling agency. 

US Bank sent me a letter dated XXXX/XXXX/XXXX acknowledging receipt of my application. No further documentation was requested. 

After the application was submitted, I began calling US Bank in order to check on its status and confirm nothing more was needed. It took numerous phone calls and unreturned voicemails over several days before I finally reached a US Bank employee XXXX XXXX XXXX who agreed to provide me with info about my application. She told me I needed to send additional, more recent paystubs for XXXX my jobs. I explained that particular job is seasonal, no work had been available recently, and therefore I had no new paystubs. She responded that I should write and send in a letter explaining this. No other documents were requested. 

That same day, I sent to US Bank via email a signed, dated letter with the requested explanation. Receipt of this letter was later acknowledged in an email from US Bank rep XXXX XXXX. 

I received another letter from US Bank on XXXX/XXXX/XXXX. This letter was dated XXXX/XXXX/XXXX. According to this letter, only XXXX additional thing was required for my application to be considered "" facially complete : '' additional paystubs from my seasonal job. I had already responded to that request, as detailed above. 

Also included with the letter was a blank "" Monthly Household Expenses '' form. This form had not been included in the modification application that I was asked to complete at the beginning of the process. The cover letter said nothing about this new form. This form was duplicative, since I had already provided monthly expenses info as part of the application forms sent to US Bank on XXXX/XXXX/XXXX. I had even provided an extra, more detailed budget form with the package submitted on XXXX. 

Due to XXXX XXXX XXXX XXXX, XXXX/XXXX/XXXX was the next business day. I called US Bank and reached XXXX XXXX. She acknowledged receipt of my letter regarding the seasonal job and said it was sufficient. She said that the household expenses form was needed, even after I explained I had already provided that info. She indicated that was the only thing I needed to send. 

On XXXX/XXXX/XXXX, I sent via email the completed budget form. US Bank employee XXXX XXXX later sent an email acknowledging receipt. 

Since then, US Bank reps have refused to postpone or cancel the foreclosure sale. 
",positive
1555504,"I applied online for a HARP loan and received a phone call from ( RUM ) Royal United Mortgage. 
After verifying my credit score, mortgage payment history, and income, XXXX XXXX XXXX informed me that Royal United Mortgage would finance my mortgage which is at 6.99 % to 4.3 % in less than 30 days. I was told that certain debits would be paid with the cash advance, and I would not need to make a mortgage payment until XXXX, 2015. After electronically signing what I thought was my loan agreement, I was told I needed to pay $ # {$390.00} for an appraisal. After the payment of the appraisal cleared my bank Royal united Mortgage stated they could not do the loan. I DONOT believe RUM had any plans of refinancing my mortgage. I searched on line for complaints against this company and found many, many other consumers complaining about being denied after paying for an appraisal. I sent an email requesting a RUM return my {$390.00} and that I was filing FRAUD against them with my bank. 
How can this company prey on consumers like this. I am a retired senior and {$390.00} is a lot of money for me. 
XXXX XXXX 
",negative
1604896,"I had to short sale my home which involved a XXXX mortgage and a XXXX mortgage. The sale finalized on XXXX 2011. The XXXX mortgage shows the loan paid and cleared on my credit report as of XXXX 2011. Citibank, who held the XXXX mortgage, is still showing the XXXX mortgage as currently late on my credit report. I have spoken to Citibank and have sent them THEIR paperwork that shows they accepted payment but I have only received a letter back from them asking that they can not do further research until I pull my credit and give them a detailed explanation. I have spoken to XXXX representatives who have told me they will take care of this and still I am waiting. I need this cleared so I can complete the purchase on my new home. 
",positive
1341060,"I started with Norcom Mortgage when I bought my house & they are either doing bad business or very unorganized. They A ) have sold me back and forth from there XXXX, XXXX branch & their XXXX branch.. & currently sold me to a company. B ) My town taxes are with my monthly mortgage & they did n't pay them till I got a bill from the town so payments were late, that happened XXXX. They didnt pay my home insurance through XXXX which is within the mortgage, & this past yr XXXX sent me info in the mail saying they were not being paid so they dropped me. Come to find out they were paying through XXXX which I havent been with for a while. I think they should be audited..I dont know how many other clients they are messing with their money & credit. Everything has been paid but late, my last straw was them now not transferring over my last payment to new Mortgage Company & getting letters in the mail saying I could be penalized. 
",negative
1654149,"13 months ago I took out an FHA home loan through Wells Fargo. We were in a hurry to close on the home because we had a baby on the way and wanted to be in the house by the time he arrived. After being treated extremely disrespectfully by our Wells Fargo home loan representative we finally closed on the house. In a hurry to get into the house we did everything necessary to expedite the process. We went through the FHA program for our house, but there were serious issues that were never addressed, and should n't have passed FHA guidelines. We had peeling paint all over the place, a huge horizontal crack in the foundation of the basement, along with a bowing wall which indicates major foundation issues. Beyond that we have a support beam that is significantly sagging. All of these issues have been present since day one, and only after researching FHA loans did I come to the conclusion that these should have all been fixed. My opinion is that the Wells Fargo representative was solely looking out for himself, and would do whatever was necessary to accumulate another sale. Ultimately I am worried about the structural safety of the building, and I am left wondering why none of these issues were considered a red flag for the lending institution. 
",neutral
1393915,"I paid off my mortgage on XX/XX/XXXX to XXXX XXXX. The company has not released the lien on my mortgage. According to the Internet ( XXXX XXXX ), XXXX XXXX became Bank of America Mortgage in XX/XX/XXXX. I contacted Bank of America Mortgage, but they were not helpful. 
The lien on my property still needs to be released showing satisfaction of the loan. 
",positive
1435626,"I originally had a loan with a cosigner with XXXX XXXX loans. This loan is no longer serviced by XXXX loans and has switched to XXXX XXXX XXXX for its servicing. 

Over the past week and half, starting on XXXX/XXXX/2015, I began receiving phone calls from the Northland Group. When I would answer the phone they would either hang up on me before speaking or would refuse to tell me why they are calling without giving my personal information over the phone. On Thursday XXXX/XXXX/2015, I spoke with supervisor XXXX XXXX and XXXX XXXX. They confirmed with me that my name was XXXX XXXX and phone number that I called in with. I told them they have no permission to call myself, my girlfriend ( who has nothing to do with this loan ) and my father the cosigner. They acknowledged that they will not call me any further. I asked them if they used an auto dialer and they promptly told me that they can not provide me with that information. I advised them that I am aware of the TCPA laws and they have no permission to call my cell phone using an auto dialer. The supervisors refused to speak to me any further and hung up on me. I called back in and spoke to a normal representative, XXXX XXXX, and he advised me they do use auto dialers and that is how I was called. He confirmed that my number should have been removed on XXXX/XXXX/2015 from their auto dialer. On XXXX/XXXX/2015 I received another auto dialed call from Northland Group. I tried to call the number back and got a disconnected tone. I called their corporate number and was transferred 8 times to ultimately be disconnected when I requested to speak with XXXX XXXX XXXX. I called back through the corporate number and was transferred another 5 times and eventually was directed to XXXX XXXX XXXX 's voicemail. I left a voicemail prompting him to give me a call back. The call was ended. I called back to speak with the supervisor, XXXX XXXX, again having to be transferred multiple times. While trying to reach XXXX, I spoke with another normal representative. I provided her with my name and date of birth and she began to speak to me about my personal private student loan. The amount due and why they were calling me. She advised that the loan was no longer in their office because I had made a payment. When I tried to ask her about why they were calling me in reference to a XXXX loan that was now serviced by XXXX, she said I did not know what I was talking about and refused to answer my questions about the loan. I requested to speak to a supervisor and XXXX XXXX got back on the line. He refused to speak to me or answer my questions. He stated that manager XXXX XXXX would be calling me later that day, XXXX/XXXX/2015, as he had received my voicemail. I asked XXXX to discuss the account with me and would not do so after I verified my date of birth and full name. He stated I had to verify my full mailing address. I advised the previous rep would speak to me and divulge personal non-public information to me after just verifying name and date of birth. He refused to speak to me or answer any further questions and hung up on me. He had stated very clearly that I would receive a phone call from XXXX XXXX, on that day, XXXX/XXXX/2015. I never received that phone call from XXXX XXXX. I did however receive another autodialed phone call on XXXX/XXXX/2015 to my cell phone number. I tried to call the number back, the corporate number, and the New Jersey office line and they all came back as disconnected. I am fed up with being harassed and what this company to pay the consequences for not following TCPA and divulging my personal information after not verifying the correct amount of contact information. This is absolutely absurd they are even in business and they have no right to be calling me or auto dialing my cell phone. Now they wont even allow me to call them to discuss the matter 
",positive
1402612,"Our mortgage company, Nationstar, is claiming we missed a payment and is sending us email messages and leaving voice mail messages warning us of a possible foreclosure. Our mortgage payment is automatically transferred from our bank account to Nationstar each month, so we know we have n't missed a payment. We have called XXXX different times trying to clear up this issue. The first call we talked to XXXX and she said she would look into it. Two days later on the XXXX call XXXX suggested we FAX them our bank statements to verify the payment was made. We FAXED them that day. On the third call XXXX told us they did n't have a record of us ever calling them, but she would create XXXX. On the fourth call they told us they it would take a few days to review the FAX. On the XX/XX/XXXX call XXXX told us they never received the FAX. On the XX/XX/XXXX call to their call center XXXX was n't sure what the problem was and offered no solutions. Meanwhile we are still receiving email and voicemail messages telling us our mortgage is past due. 
",neutral
1526231,"My lender, Chase sent a check for a perceived overage in my escrow account of about {$1400.00}. The escrow account went negative due to the shortage and they want nearly {$2000.00} or my payments will increase from XXXX to over XXXX dollars a month. 
",neutral
1790263,"Have tried to get a loan modification from Wells Fargo to not avail, even though they have a XXXX and XXXX XXXX on our only property. 
They keep coming back denying the modification, because all their calculations are based upon the income and payment on the XXXX XXXX, without considering our XXXX XXXX payment and my wife ( she 's XXXX years old ) Student Loan payments that amounts to over $ XXXX/month. 
She did receive her XXXX XXXX XXXX in XXXX and XXXX at age XXXX. 
Now helping the XXXX, XXXX XXXX, XXXX, XXXX XXXX, etc. 
working for XXXX XXXX as a XXXX XXXX XXXX I 'm XXXX years old, XXXX from XXXX We want to keep our only property. 
A NOD has been already filed, even though we were in the middle of a Loan Modification process. 
",neutral
1433343,"My loan was sold to a new company : Rushmore Loan Services in XXXX. This company has harrassed me every month for being "" Late '' when I was still within the allowed grace period. Recently at their suggestion I tried to set up automatic payments - to happen right before the deadline, but they still sent me a statement saying I had not paid and that I should contact HUD for credit counseling. I feel they are harassing me to force me to pay by the due date, which I 'm sure they would prefer, but is not always possible for me, due to when I collect rents on this property. In using their online bill pay system something went wrong and the payment did not go. I am concerned that they have reported this to credit bureaus, even though it has been paid in full after I discovered the problem. 
",negative
1481849,"I have been enrolled in autodraft payments for so long that I do not know how long. I signed up for a complete payment autodraft for all of my loans that went to Navient from XXXX XXXX yet every few months, Navient chases me, claiming that I 'm late. Each time I call to pay & inquire how this is possible, they never can or do explain exactly why. So finally yesterday I called, highly frustrated, demanding answers. My account showed that I was less than XXXX $ XXXX past due ... Really?? Why did n't they take the full payment? FINALLY, after being transferred to another rep, the rep told me that I keep showing up as late because my co-signer ( mom ) has been making "" partial '' payments on another part of my loan that is NOT on auto-draft. ( FYI -- I knew this did n't seem right because my mom & stepdad are not the type to make "" partial '' payments on anything! ) I reiterated that for years, I was supposed to be on autodraft for EVERYTHING and that I had no idea of anyone else paying & regardless, why had no other rep EVER pointed this out to me when I called Navient any of the other times?? I told her that once and for all, this needs to be settled & to put me on autodraft, that I did not want my mom paying for my loans. So -- we went through the steps to set up autodraft for that loan. Then, I requested that the negative reporting be retracted from by credit report. She said that the only way they do that is if it is "" their '' fault. I said, "" It IS Navient 's fault! I have been on autodraft FOREVER & have bent over backwards to pay you all! I have the money and I 'm trying to give it to you! I have requested for everything be fixed & signed up for autodraft & you all did not follow through. AND, out of every time I have called to settle, NO ONE had ever told me about this mystery piece not included in autodraft that has had only "" partial '' payments on it. So, she put me on hold for about 10 minutes to talk to her manager. She returned & said that they could "" possibly '' retract the info but that it had to be in writing. She gave the address to their Credit Dispute Bureau & my account # to put on the letter. I immediately wrote my letter, and sent it overnight to them. They should get it by XXXX today, Wednesday. Well, get this -- I talked to my mom about that "" Partial payment '' her & my stepdad had been making and she said that they have been on autodraft as well!!! For the FULL amount of {$48.00} on the XXXX of every month -- which is what the Navient rep TOLD them the payment was -- for the past approximate 3 years!!!! ( Btw, my mom said that when they first called, the rep did not want to even take payment from them since it was MY account, even though she, the co-signer, was trying to pay. ) So they 've paid a total of about {$1800.00} at least! So literally, all of my loans have been on autodraft but they keep claiming partial payment when it has been paid in full by both me AND my mom! Further, my loan balance keeps going up! How is that possible when my account has been on autodraft for years? For the full amount due?? Also, since they are actually doing an autodraft for that other amount from my mom & stepdad, and are not disclosing that to me either, are they now going to take that autodraft from the both of us? They are clearly predatory and are reporting my payments incorrectly. And they'e likely been doing this for years but I ca n't go back far in my online history. I also have a friend that is trying to buy a house & says they 're reporting her as late and that she is not. It is currently keeping her from getting approved for a home loan! What they are doing to people is wrong! 
",neutral
1512443,"XXXX has repeatedly failed to process information regarding my student loan deferrment from both my XXXX as well as the XXXX XXXX times since XXXX of 2015. Fielding XXXX University registrar 's office and XXXX were able to provide me with their records of contacting XXXX directly indicating my status as a full-time student since this past XXXX 
",neutral
1554469,"My Loan was transferred to Planet Home Lending from XXXX XXXX. I was owed 2 years of escrow payment of {$1800.00} XXXX I was paying around {$200.00} on a modification plan I had with XXXX. I kept telling Planet Home lending that I was owed escrow amounts from XXXX they said that they could not do anything I had to go after XXXX. This seemed ridiculous to me, but I called XXXX and they said they transferred over the escrow to Planet. After much debate with Planet they finally reviewed my account in XXXX and saw that I was owed {$2600.00} for escrow and for the overage in payments I was making I had to debate with them for over 6 months for this to happen, but they still did not credit me for XXXX. A new person started to work on my modification at Planet Home lending XXXX and we came up with a plan for me to pay {$1900.00} for XXXX XXXX in XXXX I would pay {$4500.00} in XXXX I would pay {$1900.00} and XXXX I would pay XXXX and my account would be up to date for XXXX 's payment of {$1700.00}. So from XXXX to XXXX I would pay them {$14000.00}. Ok so let 's do the math. They credited me for {$2600.00} for XXXX shortage, I continued to pay monthly payments of {$1900.00} to cover past months. I have a suspense account with about {$1000.00} in that account in XXXX XXXX. If we add all I have paid and what they were proposing for me to pay the total would about {$14000.00} as credit to my account from XXXX XXXX to XXXX XXXX called every month and I kept asking them about the numbers being wrong they told me they would work itself out. Instead of their plan I paid the {$1900.00} in XXXX, XXXX {$2500.00} in XXXX I paid {$1900.00} in XXXX they are asking me to pay {$7100.00} in XXXX to cover XXXX, XXXX XXXX and XXXX. Then in XXXX I should pay my regular {$1700.00} a total of {$13000.00} inclusive of XXXX 's payments versus their proposal where I would pay {$14000.00} inclusive of XXXX, a difference of roughly of {$13000.00}, not to mention what is in my suspense account of about {$1000.00}. I try to explain to the people at Planet the numbers and they do not seem to get it where are their numbers coming from? And why have I not received credit for my {$1000.00} in the suspense account I am attaching a statement from them I printed showing they did not give me credit for my suspense amount as per the conversation I had with XXXX on XXXX XXXX, XXXX. Where is my escrow from XXXX and my extra money in the suspense account. In XXXX I filed a complaint with this department in regards to XXXX Case number : XXXX in regards to payment plan and past due mortgage. As a response XXXX said they would put the past due to the back of the loan. When XXXX transferred the loan to planet home lending they still showed I owed 3 months pays due they did not put the agreements with XXXX and myself. Now I have a payment plan set up and they are asking me to pay all these past due and my credit is shot because XXXX XXXX and Planet Home Lending can not get their numbers correct and credit me for what they are supposed to. Planet Home Lending continue to miscalculate my amounts and then when I try to correct them they keep telling me that I am wrong but they still will not properly review the entire records from XXXX and see the amount that was to be place at the back of the loan insstead they continue to hound me for money and ruined my credit. 
",negative
1712849,"Ocwen XXXX XXXX XXXX, XXXX XXXX XXXX XXXX and XXXX have violated the Homeowner bill or Rights in its foreclosure proceeding on a loan that I have inherited and have extended myself to Ocwen to find a viable solution. Without Properly foreclosing on the home XXXX and its affiliates have Broken into my home taken my personal belongings and changed my locks. 

Ocwen was notified on XXXX XXXX 2015 that I gained ownership of home by foreclosing on a XXXX XXXX deed by following proper procedure of foreclosure laws for non-payment of prior owner. I also had to evict them and fight off a frivolous lawsuit. At the same time I applied to Ocwen to get some type of short payoff on existing XXXX loan that I inherited during takin of ownership that was taken out by prior owners. In the process of negotiations they have violated my rights. 

1. As Ocwen and its service providers have broken into my home changed locks and have stolen personal property including material and tools for the pending construction. Estimated value of materials $ XXXX {$5700.00}. ( blatant violation of my rights ) 2. During the process of contacting Ocwen I have left voicemails and emails sent to contact in XXXX which I have encountered language barrier and script reading that besides denying a shot payoff request once has not provided any other alternative of resolving my inherited issue ( Runaround and failure to provide Notification of Foreclosure Alternatives ) 3. the Notice Of Trustee 's Sale recorded XXXX is not against current owner and this is enforcement of Prior owner without proper notice to current owner that Ocwen will peruse the foreclosure ( Restriction against Dual Tracking ) 4. I feel that Ocwen has not implemented regulations set by XXXX XXXX and enforced by CFPB to protect homeowners like me and is not offering ( Fair review Process ). 
I ask that that the notice of sale dated XXXX XXXX 2015 to be postponed immediately and a Representative of Ocwen that has authority to negotiate from the Unites state contact me so I can understand my option and also explain myself properly. Ocwen has blatantly walked over the Homeowners bill of Rights in their handling of this process and I firmly believe this is an every day occurrence in their dealings. 
",negative
1689299,"My late husband & I got what I thought was a loan but found out after he past that it was XXXX adjustable loans from XXXX XXXX. The smaller of the XXXX has been sold several times. The company who had it 8 years ago ( XXXX ) & I had agreed on a settlement amount. I would sign a contract & send it & the money back & be free of the loan. I waited a week for the contract & then tried getting in touch with the loan manager, but her extension no longer worked & soon after neither did their number. A few months later I got a letter saying XXXX was filing bankruptcy & there was a lawsuit against them. A couple of years later, another company said they owed the loan. I ask for a certified copy of the original signed documents & never heard from them again. This happened a few more times with other companies. Until Seneca Mortgage Servicing LLC went to court & got a forecloser judgement without me knowing. I found out my house was on a sheriff sale XX/XX/2015 I made & signed an agreement to pay them {$5000.00} down & XXXX a month for 3mth & they 'd take the judgement off. I did what they asked BUT they did n't take it off. I 've been pre approved for a XXXX loan at 3 % but not with the judgement. I tried to get a hold of someone at Seneca for 15 days by phone & had to send them a certified letter along with a regular payment before someone called me back. I feel like I already made a mistake by signing the first agreement. That released them of any wrong doing. Then I get a modification that they wanted me to sign saying I owed them {$30000.00} more than the principal & the {$5000.00} down was the cost of my Special Forbearance Program. I explained I was going to get a loan for what I owe them & XXXX who owns the bigger of the XXXX loans. I explained that I would continue to make monthly payments until the loan went through. But the judgement had to be off before I could get this loan. The man I was speaking to told me there was nothing he could do, that I needed to talk to a higher up about the judgement not being lifted. By the time I spoke to a higher up, he told me that my house was back in foreclosure. He said he 'd send out another workout pkg to see if he could stop it. He also said that I could try to see how much money I could come up with & make a settlement offer. While waiting for this workout pkg that never came, I sold some things and made arrangements to borrow $ from a relative if the investor agreed. I emailed an offer of {$9300.00} that I could pay on XXXX/XXXX/15. Now they are telling me that the only way to stop the foreclosure is to pay them the {$9300.00} & sign a new modification saying that instead of owing them my principle of a lil & lt ; XXXX I now owe them & gt ; XXXX in interest so my new principle is over XXXX. I am in good standing with XXXX & still owe them XXXX. My house is valued at XXXX. Seneca keeps telling me that I have too much equity in my home for them to except anything less than XXXX. These people are extortionists! This new modification they sent today says nothing about the taking the judgement off. I need to make sure they are n't taking this $ too & still selling my house. I can not find an attorney qualified or licensed in my county. I CAN afford to pay for my home, though it 'll be a lot easier when I get XXXX fixed rate loan. I need help, please point me in the right direction if you ca n't help me. I do n't want to loose the home my kids & I love & have lived in the last almost 11 years. The longest I have lived in one place my whole life. 
",negative
1419103,"HeyI would like to know who I can file a complaint with about American education services, AES. I got a private student loan with XXXX in XX/XX/XXXX, they sold it at the end of last year to a company I can not not locate any information on. I have paid off XXXX loan and have been paying on another through them. I called last month and asked if I could have a smaller payment since I had some extra things come up. There rep said I was paid up until XX/XX/XXXX and I could just pay an interest payment with no issue, so I did. Then I started getting emails and phone calls about my delinquent account. I called and was told the XXXX person I spoke with was completely incorrect and that they would put it on my credit in 60 days if not caught up. I have been trying to get extra work and sell things to do that. They could do nothing else to help me but would file a complain on my behalf. I got another letter stating they were going to report it to my credit in 30 days if not paid. I called because now a manager has lied to me as well as a rep. I was told today that it was basically my fault for listening to their rep and that their is nothing they will do to help keep the delinquency off my credit. I would like to know what I can do, that is so wrong and I wont get any extra money until after the 30 day mark. I want them investigated too, maybe they are just as corrupt as XXXX student loans. But they are out of PA not AR .... can you give me any assistance on who or what I can do!! 
Thanks 
",positive
1606132,"We took out a mortgage loan on our home with Regions Bank. Our home was paid for. We made every payment on time. XX/XX/2014, Our XXXX great-grandchildren came to live with us. After XXXX, we were hurting for money. I saw on line that there was help with problems in a resolution type thing with Regions. I called the number and spoke with XXXX XXXX in the mortgage dept. After explaining the problem, He said he could help. He mailed the paperwork for us to fill out. A payment was due and I asked what to do. He told me NOT to make the payment!! Even saying that might clear up my problem and let me use that money to catch up. He said it should take around 30 days to process the request. When the 30 days were almost up, I called XXXX again to see about the next payment and he said not to pay that it should be resolved soon. He did say it would go against our credit rating, but would be okay once it was settled. Our request was denied by Regions because we made too much from XXXX. The very next week, XXXX called me and asked when were going to catch up the payments and denied telling me not to make them. I have called and spoken to XXXX, to his supervisor and his manager. They say none of the calls were recorded and therefore, I have no proof. I do n't know what to do. I am XXXX and my husband is XXXX, all we have coming in is our XXXX. We have XXXX of our great grandchildren still. We have listed our home for sale and I 've told the bank that 's all I know to do!! We have NO extra money. The bank calls every 2 or 3 days to tell me if I miss one more payment, they will have to foreclose!! We ca n't get a loan or anything now because those two payments missed are on our credit report. 
PLEASE HELP US I do n't know where else to turn. 
",positive
1344920,"For more than XXXX days, the family of XXXX XXXX, through the Administrator of the estate, has been trying to get the HUD Redemption payoff for her home. Freedom Financial is the lender is intentionally stalling in order to avoid or stop the estate from purchasing the home. 
",negative
1719472,"We have a primary home loan from XXXX located on XXXX XXXX in XXXX XXXX California. The loan balance of {$66000.00}. Also, we have a Home Equity loan from Bank of America. XXXX is trying to refinance our loan on our home, and Bank of America is not allowing them to refinance the loan of {$66000.00}, because they are not releasing the subordination. I have been a loyal customer of Bank of America since XX/XX/XXXX. All my family members have accounts at Bank of America and I have also a business account. We have also the rental property and my XXXX property with total equity of over XXXX. 

The refinancing will save us {$1000.00} in monthly Mortgage every month, which I can use to pay our debt. 

I made a written appeal to Bank of America, Subordination Department. However, they did not respond to my appeal. 

My husband is XXXX years XXXX. He underwent XXXX XX/XX/XXXX. Refusal by your bank to allow refinancing has affected his health and he is in distress. According to federal Government rules, people should be permitted to refinance the mortgage. 

I would like to ask request to help in this matter. 
Thanks, XXXX XXXX 
",positive
1483670,"For the past 2 years I have tried to obtain a loan modification from SN Servicing. The single point of contact in charge of my file has done everything he can to stand in the way of allowing me to get this done. I am a self-employed caregiver and I do not have pay stubs so I have submitted a profit and loss statement and bank statements to support the profit and loss statements. My tax return did not support my income claim because of the number of write-offs I was claiming. This year I had my accountant reflect my complete income that I make on my tax return, without any write-offs and have submitted the file again with my bank statements and a letter detailing every deposit that was from my income in my bank account. In the past XXXX XXXX has accused me about lying about my income because he said the documents did not support the income. I take care of an old lady in her home, I am not a sophisticated business owner, and I must confess that I did not keep my books very well in the past. I would sometimes cash my pay check and pay some of my bills before depositing the full amount in the bank account but after being denied for this reason, I have kept detailed account of all my earnings and my accountant can vouch for this fact. However, XXXX XXXX advised me on the phone ( laughing and in an extremely sarcastic manner ) that SN Servicing would not even consider looking at my file again because of the denials in the past. People 's circumstances change, a ) I have paid off my car and no longer have that payment, b ) I deposit all my checks into my bank account to show my income, and c ) my XXXX lien has worked with me to lower that payment and make it more affordable. I would like to have XXXX XXXX removed as my single point of contact and have an impartial person put in his place to look at my file. At this point I think he has a personal vendetta against me and from the way he speaks on the phone to the third party handling my file, it seems like he would like to see me loose my home. I have worked very hard to purchase that home and I will not let that happen because of one mean spirited employee at a bank who thinks because of his position, he gets to call all the shots. I am attaching the recent package that was sent to SN Servicing for your information. 
",negative
1386805,"Ocwen, during the mortgage modification process ocwen has repeatedly asked for the same details over and over again. It appears they have no ability to secure and understand all the documents I have submitted several times. Each time they call me with the same question they then reschedule a follow up call several weeks later. The matter at hand is dire and the incompetence of Ocwen is preventing the modification process from moving forward at a reasonable pace to allow me an opportunity to save this property that is my home. I feel they are intentionally slow walking this so I am forced into foreclosure because no one can be this incompetent to as XXXX time the same exact question thus my only conclusion is they are dealing with me in a fraudulent manner. 
",negative
1326486,"I am writing regarding recent handling of my account with CitiFinancial. 
I have had this loan for eight years. During that time, I have not needed to communicate at all regarding my account. I pay my bill, they take my money, no issues. Recently, however, I have been in the process of refinancing my home loan. I am working with a bank that will refinance us into a VA loan ( my husband is a XXXX veteran ). We have been paying nearly 7 % interest on our current loan, and the economy has sufficiently rebounded to the point where we can get a lower interest rate. We have literally been waiting for years for this day to come. 
We submitted paperwork to CitiFinancial to get a subordination on XXXX XXXX, 2015. We have been told each time that they have a 30 business-day turnaround for this document. That 's six full weeks to get an update to a document that already exists with my current loan. I have a loan pending, and am stunned that an organization that deals with mortgages and loans ca n't expedite a document when a loan is pending. I have paid for an appraisal, provided all the information to the Federal Government to get the VA financing approved -- and completed the list of documents required by CitiFinancial. Apparently, though, CitiFinancial has set back the date another week because the authorization we provided was n't their form. They are saying that the complete packet was received on XXXX XXXX after we were told several times that they had everything they needed on XXXX XXXX. 
I also want to provide feedback about their phone system, the communication I had with their corporate office, and their customer service department. 
Phone System : I have notified their customer service staff on several occasions that they have an issue with their phone system. If you call ( XXXX ) XXXX, and enter your account number or home telephone number, followed by the last XXXX digits of your Social Security Number ( XXXX TIMES ), then you 'll be transferred to a customer service representative. Then, when you get the representative on the phone they 'll ask for your account number, your Social Security Number, your name, address and telephone number. See, they have to look it up anyway because their system is n't set up to automatically bring up the account information. I know, because I asked. 
Calling the Texas number is n't any better. When I called that number, the automatic greeting said "" thank you for calling One Main Financial. When I pressed the option I wanted, the automatic greeting said "" Thank you for calling CitiFinancial. '' When I spoke with the person on the line, she told me that I needed to go to my local CitiFinancial office and I could get the subordination there. She looked up the number for them, and when I called, the manager answered "" One Main Financial. '' The One Main manager told me that CitiFinancial mistakenly sends their customers to One Main on a regular basis. 
Customer Service : I have spoken with customer service on several occasions, and some of them have tried to be helpful, but have their hands tied when it comes to providing customer service. They tell me that there is n't a supervisor to speak to, and it 's going to be 30 business days. That 's all they can say -- they might as well be a recording. I 've been waiting for 4 full weeks, and I apparently have 3 more weeks according to customer service. I want to paint my house and put in a new fence so I can plant my garden -- things that have to wait for CitiFinancial. And it probably goes without saying that once this document comes through, I 'll be looking for another lender to finance this loan through. Livid does n't begin to cover how I a feeling at the lack of customer care that CitiFinancial has for me. 
",positive
1720736,"I am seeking information about my Genesis loans through XXXX in XXXX, PA. I have heard about all of the loan forgiveness because of the XXXX XXXX settlement. I was one of the many students who were talked into the lending scheme brought on by these schools and Genesis lending company. I was charged horrible interest payments that I could n't afford, while still in school. As well as, pulled out of class because I could not afford payments. Horrible interest rates still haunt me, along with unreasonable monthly payments. I am already on deferment, on which they still require me to make minimum payments. I have a loan balance of {$21000.00} and have no idea how I will be able to keep up with this. I feel as though I was a victim as well as other students who have already had their loans forgiven. The way the company went about handing these loans out to young students who know nothing about them, was wrong. My loan servicer XXXX told me that Genesis has already handled the persons eligible for forgiveness and passed me along to their company. So my question is, why was I considered not eligible? I attended school in XX/XX/XXXX-XX/XX/XXXX and suffered just like everyone else who attended these scheming schools. Please help! 
",negative
1646190,"On XXXX XXXX, 2015 I received a notice from my mortgage servicer ( Shellpoint Mortgage Servicing ) that my mortgage was past due for the XXXX XXXX, 2015 payment. I promptly contacted them and faxed proof that my payment had cleared my bank account on XXXX XXXX, 2015 through electronic payment with a note indicating payment went to them. I have since spoken with XXXX representatives and XXXX manager and still can not get this matter resolved. I have been placed on hold for 15 minutes, disconnected twice, and have left numerous messages. On XXXX XXXX the manager, XXXX XXXX, indicated that they had verified my payment arrived in their bank account on XXXX XXXX, 2015 and they were trying to get it transferred to my loan account. I informed him that was very concerned about the late fees, interest accruals and credit reporting issues that come with this type of error. In fact as of XXXX XXXX, 2015 my account was showing as being 30 days late in their system and subject to credit bureau reporting. I have not heard back from anyone since XXXX XXXX, 2015 regarding a final resolution and would appreciate it if you could help. 
",positive
1829496,"My complaint is very simple not gon na complaint about XX/XX/XXXX when I lost my job or XX/XX/XXXX when my mom had a XXXX or XX/XX/XXXX when mom came down with XXXX or the recent loss of my grandpa who was like a father to me and Citimortgage refused to help My complaint is that my credit has been damaged to the point it is very poor and I do once or twice a year have fallen behind and made my payment on XX/XX/XXXX as always however there has been plenty of times like once they lost my check while in California taking care of my mom XX/XX/XXXX I took the bad mark other times I 've paid at XXXX my time according to them if the payment is not in their system by XXXX pm their time I am late and those reporting have hurt me so bad I ca n't get a job I get turned down for credit that I need to fix the rest of my home a home that has XXXX bathroom working out of XXXX a kitchen with mold and because my insurance did not pay I am living with that in the house I am always XXXX I take XXXX I need Citimortgage to drop off all the late marks on my credit report so I can go on about and not have to be late on my house payments because all I have is cash and my hands are tied 
",negative
1705616,"My name is XXXX XXXX, and my Spouse is XXXX XXXX, who is not on the Mortgage, but is a contributor to our living expenses. We were both forced into retirement because of XXXX condition, and would have applied for a Reverse Mortgage, however, we are upside down on the Mortgage. 
We applied for a XXXX Modification with our Lender, Ditech and we were told in a letter dated XXXX XXXX, 2015, that we are making too much money and there are no hardship, simply because we have been using our savings to remain current. DITECH use a technique, to 'GROSS UP '' our Social Security Income of {$1600.00} to {$2000.00} making us unqualified. 
We we questioned this technique, they said in another letter, that XXXX XXXX is the owner and because we are in a Loan Modification, XXXX XXXX will not honor another Loan Modification. 
We obtained our Loan from XXXX Bank, a predatory lender in a XXXX package using the Second Mortgage as a down payment and a 5 year Hybrid Adjustable Mortgage, and a search of our records does not show that the Loan was transferred to Ditech according to the Respa Laws of Florida. 
We have requested that Ditech produced records of the Loan Modification that they are saying we have, also produce the Transfer Assignment of the Loan to Ditech. To date we have not received any response. 
We have also contacted XXXX XXXX to produce the record of a Loan Modification, and have not heard anything as of this complaint. 
",neutral
1570578,"We have always had good credit, however in XXXX 2013 my husband was unemployed and Chase offered us an "" Unemployment Forbearance Program ''. This was effective on XX/XX/2013 and ran through XX/XX/2013. During that time they told us our mortgage payment would be XXXX until employment was found. We were told that these missed payments would go on the back end of the loan. We complied with all of their terms. However we now find that those payments are showing up as late and/or missed payments on our credit report. I have spoken with Chase and they will not adjust this with the credit reporting agencies. We have lived in this house for over 21 years and have never been late on our mortgage. Is there any way for us to get this taken off of our credit report? 
",negative
1349887,"Initially, I was not given the full 30 days notice for the sale of the mortgage, as required by law. 
Since then, my escrow has been miscalculated twice, changing my monthly payments significantly. The first time it took 3 months and submitting the correct paperwork 3 times to get the calculation fixed. This time, my payment is jumping from $ 850 month ( including escrow ) to over {$1200.00} to fix the miscalculation. Despite repeated assurances that Roundpoint will look into this, my calls and emails have not been returned once in 5 weeks. 
The issues are always simple math mistakes, and have personally made sure RoundPoint has received actual numbers for escrow calculation. 
",neutral
1402041,"I took out this loan a long time ago when I was working on my XXXX degree. I recently about a XXXX ago finished my XXXX Degree. I have a private student loan with Wells Fargo. I explained to them that as of right now the XXXX dollar monthly payment would not be feasible due to unexpected expenses that came up. They offered me a XXXX month forbearance which they went back and forth people telling me different things and I think I received XXXX month forbearance. I asked if there is anyway to get my payment lowered for a while because I definitely want to make my payments but I just ca n't afford what it is set at now. They said no there is nothing that they can do to help me, they can not lower the payment and that I just have to deal with my payment amount and make my payment. I ca n't believe that there is no help for me whatsoever. Is there anyone out there that can help me? Wells Fargo never wants to help you, it is always your fault, I just need it lowered for a while so that way I can make the payments on time. Please let me know if there is any help. 
",negative
1395201,"i am not delinquent on anything at nationstar. nationstar added this document to my account and it feels like they are XXXX with me again now in a different fashion. i do n't know what to make of this document. i pay my full mortgage payment each month and i have no clue how i can be delinquent on anything in my account from nationstar. it seems like every time i think my account is settled and going good nationstar gets sneaky and extorts more and more money out of me. nationstar is full of scammers! what does this document mean???? 
",neutral
1634115,"On XXXX XXXX 2015, A Navient representative called me on my cell, stating that he would finally be able to grant an affordable loan agreement for me. He identified himself as a supervisor, and told me we would be able to resolve my issue that day. To my surprise, this was the start of a financial scam I am certain was geared to diminish credit, confine me to a loan delinquent status, and secretly place me in a corrupt program that is designed to keep people in the dark about their loan status until it 's too late. Please see attached documents for my full case. 
",positive
1692635,"We are have been trying do a loan modification through a loss mitigation application with Green Tree Servicing now Dietech Financial, LLC. since at least XXXX 2015!!! We had a court date with a attorney representing Dietech and a XXXX XXXX courthouse employee on XXXX/XXXX/2015. That meeting ended with an extension until XXXX/XXXX/2015, because we had received via U.S. Mail a request for XXXX more documents of information Dietech needed for the XXXX. time!!! Dietech gave us 30 days to get that information to them and we faxed them all the information before the deadline!!! Instead of Dietech sending me another letter to save time, our last representative during that time frame called me on the phone and told me to refax some of the documents that did not come through to them clearly and that was done that day or the next day at the latest!!! This was confirmed by my Dietech representative via an XXXX minute phone conversation that I generated on XXXX/XXXX/15, because on XXXX/XXXX/15, I received a letter from Dietech, stating that the loss mitigation application that they were reviewing will not be reviewed at this time, because they did not receive all the requested information which they did!!! Dietech continues to stall the loan modification process by telling us that the information that we sent them already had either expired or they did not receive it all which they have, because the faxes went through to the right number!!! This is at least the third time that they have done this since XXXX 2015!!! 
",positive
1773510,"Freedom Mortgage Company has lost and otherwise misapplied three of my mortgage payments over the course of the past six months, the most recent payment being my XXXX 2016 mortgage payment which was made on XXXX XXXX, 2016 and received on XXXX XXXX, 2016. 

Despite repeated attempts to locate my payment and sending proof of the payment by my bank to Freedom Mortgage, they continue to call me daily, send me threatening letters with late charges assessed and harass me. Most importantly, they are incompetent in servicing my mortgage loan. They have cost me countless hours of phone calls, waiting on hold and passing me from person to person without providing any answers as to the whereabouts of my payment. 

After calling them every day this week, they are telling me at the 11th hour that my bank sent the payment electronically and they ( suddenly and without notice ) are telling me that they "" do not accept electronic payments ''. The only method for payment instruction that my banking institution ( XXXX XXXX XXXX ) has for them is to send the payment electronically. 

Now, after waiting an entire week, they are telling me that I have to go back to my bank and get them to track down the lost payment. 

All of this is beyond frustrating and not the first time that this has happened to me in my less than 2 years of having a loan with this incompetent company. They should be fined and put out of business. 

My next course of action is going to be to refinance this loan with another bank to get rid of them. I have the luxury of being able to do that. Many other consumers may not have the same ability. 

They are awful! 
",negative
1436896,"I signed loan documents with Right Start Mortgage, Inc. (RSM) in XX/XX/2015 - refinancing.  The XXXX Payment Letter indicates that I should make the payment to RSM on XX/XX/2015.  The Servicing Disclosure Statement states: ""we may assign, sell, or transfer the servicing of your loan...""

In XX/XX/2015 I started receiving letters from XXXX my new servicer, including the monthly bill for the XX/XX/XXXX payment. However, I did not receive any information from RSM informing me that my loan servicing has been transferred.  I also received a letter XXXX telling me that I do not have Hazard Insurance properly listing XXXX as loss payee. 

On XX/XX/2015 I called RSM at XXXX to confirm whether or not my loan was truly transferred from them XXXX - they could not locate my loan #; they could identify me by my SSN, nor the property address. 

This information is for training purposes for RSM's Call Center (I will not use their names as I do not want anyone fired - just train them!)
â¢	Person XXXX could not help me at all, so I asked her to be transferred to her Supervisor
â¢	Her Supervisor, Person #XXXX - told me that I called the wrong number and should be calling their corporate office at XXXX.  When I told her that that's exactly the same number that I dialed, she put me on hold and I went back the same Call Center line. 
â¢	Then Person #XXXX picked-up - I had to explain the same situation to her and asked to talk her Supervisor. Person #XXXX advised me that I should wait for couple of more days and call back because the loan is new and probably did not get booked in their system yet. Then I asked how long does it usually take to book the loan - her response was XXXX days.  So I told her that there is no point for me to wait.  I need a confirmation that my loan was truly transferred and asked to speak her supervisor again. After putting me on hold, Person #XXXX  came back telling me that she spoke to her Supervisor and there is no point to transfer me to her as she will tell me the same thing - this time is to call XXXX and confirm whether or not my loan was transferred to them.  As I explained to Person #XXXX  - what if I received a letter from a fraudulent mortgage company claiming that they purchased my loan, of course, if I would call the same number on that letter, they would confirm. I need a confirmation from RSM that they transferred, before I make my payment and call my Hazard Insurance company requesting a change (every time I change, I get charged). What I explained to Person #XXXX is based on what she told me, RSM's Call Center has no idea where my loan is. I also advised her that I will filing this complaint today. The only reason why I believe that most likely XXXX is my new servicer and is not a fake company is because it was in the news recently, thanks to CFPB. 

I believe RSM owes me a disclosure informing me that the loan has been officially transferred for my documentation purposes.",negative
1436948,"In XXXX 2015 we obtained a mortgage with ATHAS Capital Group, Loan No. XXXX 
The loan documents XXXX attached XXXX states that payments should be made to XXXX XXXX XXXX XXXX located in XXXX, CA. 
We have sent payments to this address successfully using the loan number above, until XXXX, 2015. 
After sending check XXXX. XXXX on XXXX XXXX, 2015, we were informed on or about XXXX XXXX, 2015 that payment was not received. 
In following up on this notification with XXXX Customer Service on XXXX XXXX, 2015, we found that the Loan NoXXXX did not exist in XXXX XXXX system - we used the property address to look up the account. We were told that ; 1 XXXX the account number was not XXXX but XXXX ; 2 XXXX that the XXXX 2015 and XXXX 2015 payments had not been received and ; 3 XXXX our statements were being sent to an unfamiliar XXXX XXXX XXXX XXXX Washington XXXX The XXXX 2015 check has not been returned and the amount was not withdrawn from the account, also at that time the XXXX 2015 check had not posted either. 
Further we found that no action had been taken on an XXXX 2015 request XXXX email record attached XXXX to shift the payment date from the XXXX to the XXXX of each month. And that the entire mortgage would need to be rewritten if the lender, ATHAS Capital Group agreed to the payment due date each month. In addition, XXXX XXXX XXXX had been in direct contact with ATHAS by phone and received no resolution or decision regarding this matter. 
On XXXX XXXX, 2015, after talking with XXXX Customer Service, the following actions were taken ; 1. stop payment on check numbers XXXX for XXXX 2015 and XXXX for XXXX 2015, at {$35.00} for each stop payment, totaling {$70.00}. 
2. requested billing statements and communication be sent to an address that belongs to us so that payment coupons can be available for mortgage payment on the XXXX of each month. 
3. authorized correction of the erroneous billing address and that all related correspondence or issues regarding the mortgage be directed to the proper person for payment and resolution of issues. 
4. XXXX emailed a statement for past due mortgage payments for XXXX and XXXX 2015 showing non-receipt of both payments and late fees/penalties ( attached ) On XXXX XXXX, 2015 we received a default letter from a company called XXXX, we were told by XXXX that this company XXXX is a sister company with ATHASOn XXXX XXXX, 2015 - added a second signature and sent the authorization to XXXX then resent the correspondence a second time to verify his signature. 
On XXXX XXXX, 2015 we informed XXXX that ; 1 XXXX XXXX checks had stop payment on them ; 2 XXXX the payments would be mailed again with the new account number ; 3 ) we expected any fees to be reversed and default collections to be stopped and ; 4 ) that a complaint would be issued to the Consumer Financial Protection Bureau so that all parties will be on the same page regarding the account. 
",negative
1471535,"Wells Fargo has been my mortgage carrier since XXXX. I have a conventional, fixed rate mortgage with PMI. I am now trying to cancel the PMI as I know the cost of my home increased. I applied for the PMI cancellation and paid for an appraisal from the Wells Fargo approved evaluator, XXXX XXXX. XXXX conducted the appraisal on XX/XX/XXXX and responded via email on XX/XX/XXXX with the result ( see documents attached XXXX. According to XXXX XXXX my home value has increased and the amount assessed qualifies for PMI cancellation. Wells Fargo is not approving the cancellation until after my 2 year mortgage closure on XX/XX/XXXX. According to Wells Fargo, my investor, XXXX XXXX, requires appraisal value only on terms of structural improvements. Please see page XXXX as the communication is contradictory. I 've spoken to a representative and manager at Wells Fargo already. Please help. 
",positive
1581619,"When processing our new mortgage AimLoan.com, used an automated estimate from the county assessor 's website with erroneous data that produced a tax estimate more than three times the correct amount. This was not disclosed until they provided a loan commitment letter on XXXX/XXXX/2015, and we immediately brought the error to their attention. Since we were already well past the originally scheduled closing date, they advised we could close with the erroneous tax estimate, and it could be corrected immediately after closing. Based on the bad estimate, at closing, AimLoan collected a large escrow deposit that more than covered a whole year 's worth of taxes and insurance. After closing, we notified the servicing company of the problem verbally over the phone, and they instructed us to e-mail the correct estimate from the assessor ( which we had to obtain ourselves ), and they would fix the problem. After not hearing from them for a week, we received a statement listing a $ XXXX monthly escrow charge, so we sent them a RESPA notice about the error dated XXXX/XXXX/2015 ( now up to more than 4 separate contacts about the problem ). The only response we received was an acknowledgement dated XXXX/XXXX/2015 that they had received the RESPA notice. Then, on XXXX/XXXX/2015, we received another mortgage statement with the {$480.00} charge still listed. The lack of responsiveness and inability to correct an obvious mistake has prompted this complaint. 
",negative
1810215,"Recently my mortgage was aquired from XXXX to Greentree and now Ditech. Ditech has sent me an Annual Escrow Account Disclosure Statement informing me of my mortgage payment of {$560.00} was changing to {$680.00} for projected 2016 property tax increase and hazard insurance increase. My hazard insurance has been changed to XXXX going down {$200.00} which Ditech has recognized. So, what they are saying is my property tax is estimated to go up {$1400.00} for 2016! I do n't think so. Also, I was under a mortgage motification program for the mortgage with CitiMortgage. I have talked with Ditech trying to understand why so much but the service representatives I have spoken to have been very short and condescending to me and I get frustrated and hang up. 
",positive
1635861,"Real Time Resolutions offered a settlement of {$10000.00} on a second mortgage and now they are backing down from their original offer. 
This home is in foreclosure and they are forcing me into bankruptcy. 
",negative
1540617,"To Whom It May ConcernI was a student XXXX at XXXX College XXXX, California XXXX XXXX XXXX XXXX XXXX shut down without any notice while I was enrolled as a student without any notice in XXXX 2015. I have found out that XXXX College has secured XXXX loans on my behalf from following lenders ; 1 : Genesis Lending XXXX in the amount of {$50000.00} : XXXX in the amount of $ XXXXBoth of these loans were taken without my knowledge and now lenders are asking for the repayment. I was still enrolled as a student while the College shut down and have not completed the program. I do n't have a job and ca n't repay the loan. 
I kindly request that an action should be taken against the college and lenders should be paid by college. This matter has causing me a lot of XXXX and I have to answer the inquiries about by these lenders over phone. Lenders have been sending me the statements and I requested them to stop but they have suggested I should file complain at Consumer Finance. 
Please feel free to contact me if there is any information needed. 

Sincerely, XXXX XXXX XXXX 
",negative
1484755,"my father passed away, my husband passed away the my mother passed away. chasefinancial want me to pay for a home my mother stayed in for 2 years and continue to pay until her death. My mother lived in an undesirable area of XXXX NC. She wanted to move so we found her a condo. After about 2 years she could not live alone, so she lived with my husband and I. she continued to pay for her condo until she passed away XXXX XXXX, 2014. I send Chase the death certificates for both my mother and husband. and explained I would not be able to pay for the home, because, both responsible parties had now passed away. They send me a entire packet to apply for a loan to transfer the mortgage into my name. I call them and was informed they could not talk with because I was not a responsible party on this loan. I received letter ever week and I would call they would say the same thing .The letters all say the Estate of XXXX XXXX and the Estate of XXXX XXXX XXXX . Then all the calls started and I till the same thing on the phone. Then the letters started coming with owner XXXX XXXX @ XXXX XXXX XXXX, XXXX NC XXXX. When my Mother moved with her mailing changed mailing address to ours. The address for my Mother was XXXX XXXX XXXX, same city. I wrote XXXX letters to Chase, Talked to so many people, but the end result is the same I can not pay for a property that is not mine. After all this talking XXXX XXXX bank called and said I owe over XXXX dollars on the overage account of my Mother and me as a responsible party, after know she was dead the continued to take money out of the, because I was alive and no liability on Chase 's account but on the bank. I can not afford a lawyer I live on a small amount of money. Please help I know some about this is not right. 
",neutral
1773633,"We have an existing HELOC with TD Bank and they are sending us a lot of paperwork to review our loan. which is secured against our house. The problem is as follows : sending paperwork to the wrong address after we corrected it so we did not receive it. Sending us an email only on the XXXX. stating we have until XXXX XXXX to provide a lot of documents or they will term our loan out. I believe it is a loan they call XXXX, a term used within TD, which does not have an expiration date on it. So the contract was written incorrectly, in my estimation only. They are trying to push clients to terminate these loans and refinance. This is not our fault. XXXX should be looked at as a separate matter. We paid off our corporate loan, our HELOC on our second home, and maintain over {$700000.00} balance cash in the bank from the sale of that home. We were told our credit score was XXXX when in actuality it is XXXX, XXXX and XXXX. Also they said there is a judgement from XXXX XXXX ( which is incorrect ) for {$740.00}, which is a ridiculously small amount to bring up when compared to our timely payments on XXXX different accounts. We are working to have that eradicated. Even with that satisfied judgement my scores were that high. In the last five years we had XXXX late payments to TD on our mortgages, never delinquent. At this point, we owe {$100000.00} on a {$300000.00} credit line ( which we want to keep open ) on our HELOC and {$360000.00} primary mortgage which is secured by a property of {>= $1,000,000} with a {$700000.00} savings account. I want to keep our HELOC and not be forced out by TD. I have asked for a copy of the original contract that says they have the right to review it after 5 years and am yet to receive it.Their suggestion was to take our {$700000.00} of savings, put it with their wealth management team and be charges 1.4 % management fee per anum and then they would give us a {$300000.00} line against our stocks. It seems like a large conflict of interest and somewhat risky. I do not see where we have done anything wrong. I am XXXX, near retirement, and I want to keep that line to start a XXXX in Vermont. Incidentally, if they term us out, it will be a fixed payment over 10 or maybe 20 years but an interest rate of over 5.2 % and we are currently paying 3 %. But it is a fixed payment where we could not pay early or re-borrow again. It is an entirely different structure and would indirectly force us into not managing our money they way we want to. 
",negative
1605655,"Century 21 Mortgage have a mortgage service center call PHH Mortgage that handles all their Mortgage. In around, 2010 I was delinquent on my Mortgage and they gave me a government program with a 2 % interest remodification and at the end of the the tax year I was sent a XXXX with around {$100000.00}. After I was paying my Mortgage on time for a while I was sent a letter with XXXX of checks I had sent saying the amount for mortgage has now change and I need to get in touch with the mortgage lawyer and and see how much I need to pay to be current I was tolded by the lawyer {$16000.00} of which I had about {$6000.00} money sent back by the mortgage company and being delayed in the mail. The mortgage company decided to work with me to become current sent all the document with the correct principal and amount we would pay monthly. We setup a separate account and wait for the direct withdrawal of the new mortgage to my surprise money sat in the account for XXXX months when we call the mortgage company that told us that their was an error on their part and they short the principal {$100000.00} which can only mean they are trying to charge me for the {$100000.00} they had already got credited for. I tried getting it resolved but the company kept changing the agents that I dealt with in the early years of the mortgage, so its hard to track to see when the figures increased and decreased on account of errors of numbers so now my mortgage principal is {$100000.00} over in valve and company refuse to remove the error so we can get our montly payment back on track. 
",negative
1674839,"I sent a letter to Select Portfolio regarding my denial for loan modification : XXXX XXXX, XXXX XXXX XXXX XXXX or XXXX XXXX XXXX, I am not sure why I was denied for my modification it was because of my DTI ratio. Your processor gave me a hard time insisted that I had to circle my wife 's because she was considered a roommate. I knew with all the hassle that was given that they was going to refuse me of the modification. 
The first modification you guys gave me messed me up so bad it took approximately 6 months. Calling back and forth for you guys to assist me regarding of the insurance issue by that time I was rejected and you add your insurance and it was difficult for me to get ahead of my mortgage.I have a copy of the letter that I sent to your company and also spoke to the same law office that remove my name and wife name from deed. They advised me the reason that this is taking so long to add me back to the loan was because the mortgage company did not put in the proper paperwork.I have a XXXX son and I gave them all the necessary paperwork so I am not sure why you stated on your letter due to my debt to income that I was unable to get modified. For loss mitigation you offer me Short Sale or Deed in Lieu of Foreclosure. That is your solution. This is the letter that I sent you 2 years ago and never received a follow-up : XXXX XXXX, XXXX XXXX XXXX, To whom it may concern : This is an ongoing issue with your company. I am being penalized due to your bank error ( Select Portfolio ). I obtain insurance with XXXX per my loan modification request. If you look at my loan history you will see that I have been sending my payments out on time. I contact the insurance dept. at XXXX before the cancelation to let them know what was going on. I was told that I am showing ownership on the account not sure what I was talking about. Well my Insurance was cancelled in XXXX when I called the insurance company again I told them the same thing that I am looking at XXXX County Appraiser 's website and Owner Name is XXXX. I was given the ATTY for Select Portfolio I have to contact them and let them know what had happened. Really ok I will do your job no problem. I contacted the Attorney ( Actually your attorney that filed the foreclosure ) I was told that Select Portfolio never filed the appropriate paperwork so the courts can not reverse the name.I did receive a letter from the court that they have filed "" MOTION TO CANCEL XXXX XXXX, XXXX FORECLOSURE SALE, VACATE FINAL JUDGEMENT, DISMISS CAUSE OF ACTION, DISCHARGE LIS PENDENS AND TO DIRECT CLERK TO RETURN ORIGINAL LOAN DOCUMENT.I was told that this process would take 30 to 45 days. Well I received a letter from select charging a ridiculous amount on my mortgage telling me that I refused to get insurance. Well technically is due to your negligence not getting the paperwork to the courts to remove your name as the property owner and taking their name off. I am paying for it and I pay big for it so that is why I fell so behind.Today its XXXX XXXX, XXXX spoke to XXXX my loan no updates or actions were taken to get this loan back on track. So I was transferred to XXXX XXXX customer service department. I am not sure what is going on with you guys on your end. Not only you are taking your sweet time getting this resolve you are charging me a tremendous amount. I would like the late fee waived off my account. Looking at my credit SPS still have not updated my credit report. It seems that your company it setting up for failure. Please contact me once the outcome has been taking care of.This is the letter that I sent to your company and so I decided to file for another modification I have a steady job so does my wife and I was denied for the modification. I want to keep my home and make it affordable. 
",negative
1419064,"The reason of this report is to file a complain again ( actual Lender ) Gregory Funding XXXX. XXXX XXXX XXXX XXXX, XXXX XXXX and XXXX XXXX XXXX XXXX XXXX who I retain and explain the problem with the law firm bellow in XXXX paragraph. This lender buy my loan from XXXX XXXX XXXX for XXXX XXXX XXXX XXXX XXXX on or about XX/XX/XXXX where I was a probed for a Modification Trial Period Plan for three months, once Gregory Funding buy the loan from XXXX before the XXXX and last payment of the trial modification loan they refuse to give me the modification on my loan asking in several occasion for the same type of documents like proof of income, bank statements and job information, all this information was provided to the law firm XXXX XXXX XXXX XXXX XXXX who represent me towards this Loan Modification, this law firm always state the same statement that they working towards the loan modification and lender asking for same information again and again ending up in limbo while lender continue with Judgment. Please help me since I have a suspicious of some XXXX of potential fraud because nether the lender or law firm XXXX XXXX XXXX XXXX XXXX want to give me a scope of work or status of this case. 

I hired XXXX XXXX XXXX XXXX XXXX in XX/XX/XXXX paying a initial retainer fee of {$1000.00} on XX/XX/XXXX {$1100.00} on XX/XX/XXXX, {$1100.00} on XX/XX/XXXX and subsequently {$590.00} up toXX/XX/XXXX for a total payment of {$18000.00} for a Foreclosure matter, I was granteda Loan Modification for a three moths trial period before hired XXXX firm, The lender who provide me with this loan modificationwas XXXX XXXX XXXX, this lender sale the loan on or about XX/XX/XXXX to XXXX who never provide me or grant me the modification loanthey had request information such proof of income, bank statements and jobinformation, all this information we had provide it to XXXX in XXXX different occasions since they are our layers. At this pointno modification has been provide it to us neither a solution. This law firmbroke our agreement since no reports, no communication and proper informationor scope of work have n't given to us in regards to our case they only statement is that the bank is working on my case. I have desired to stop making any further payment till reportor status of our case is provide it to us and at this point it seen to be likethey have no intention to provide it to us because I request a meeting with XXXX XXXX 
XXXX XXXX who is the manager of the law firm, they schedule an appointmentfor today XX/XX/XXXX at XXXX XXXX. They call me at XXXX to move theappointment to XXXX because the attorney ca n't make it so I accepted andshow to the attorney 's office located at XXXX XXXX XXXX XXXX XXXX XXXX XXXX XXXX, XXXX XXXX at XXXX waiting for more than 25 minutes till I ask XXXX of thestaff to tell the attorney that my appointment was schedule for XXXX and theymove it to XXXX, a different staff come out and told me that the attorneywas reviewing my file, it was XXXX till attorney XXXX step out to seeme stating that he was too busy and I have to way, I told him that I was notthere to wasting my time that I was schedule for an appointment for XXXXnot for the time that he desired to see me and provide me with status orinformation on my case and no answer or information was giving to us. A soon Igot home realize that an email was send it to me from the attorneys officestating that I did not show to the appointment for a XXXX time. It seen to belike is a potential fraud with this law firm since they violated our agreementno ethic and misrepresentation and stating false statement by saying that I didnot show to the appointment for a XXXX time. Please Help. 
",negative
1706025,"This is related to a previous request, Case number : XXXX. 

Based on the success of my previous request. I have requested that my co-borrower be released from my loan. ACS stipulates that I must make 24 consecutive payments for this to occur. However, since my payments were misapplied, ACS is not showing that I meet the stipulation. 

If my payments are adjusted correctly and the overage balances are moved forward, I believe I meet the requirement for the co-borrower to be released. I would like to see a full audit of my account and payments, along with the stipulations of my loan, to have my co-borrower released from the loan. I would also like to know the stipulation of my loan in the event of the death of the co-borrower. 
",negative
1360421,"My mortgage was transferred from XXXX to Nationstar Mortgage in XXXX TX on XXXX XXXX, XXXX. On Friday, XXXX XXXX, I received "" opt out '' form dated XXXX XXXX and letter of explanation dated XXXX XXXX. No other dates appeared on the forms. I called them to opt out and they said they would process this, but it may take up to 30 days. 
This violates the Gramm-Leach Bliley Act. 
When I spoke to a supervisor XXXX XXXX, and told him I wanted to opt out now, he said there was nothing he could do. I told him to speak with his legal department about not dating the notices which would allow people, by law, the 30 days to opt out before selling all private information. He said he would make a note in my account. I suggested he make a note to his legal department. 
I am sick of receiving up to XXXX calls a day ( even after I block/ignore numbers! ) from people looking for me to invest, buy, give, etc. The OPT out rules are not being followed and it is a shame the government is protecting the rights of businesses to screw me instead of protecting my rights - I should be able to OPT IN if I want all my personal information sold and used! Businesses should NOT be allowed to use and sell ALL my private information without ME approving it! 
",neutral
1771896,"3 years ago I filed bankruptcy. There was no reaffirmation of my mortgage done at that time, and my lawyer did not advise me that I needed to do so. I 've been seeing the same paragraph on my mortgage statement every month, but I never took the time to call them, until today, to find out what it really means. They told me that until I reaffirm my mortgage with them, they will not report any payments I am making to the credit bureaus. In fact, my report shows that my loan is closed and paid. It is not. It has a balance of {$82000.00} that I have paid religiously every month on time, with no late payments. I believe my lender is reporting false information to the credit bureaus by stating the account is closed, when in fact it is not. I also believe I have the right to receive credit for payments made whether or not I filed bankruptcy, and to have accurate information given to credit reporting agencies. 
",negative
1657281,"I started a short sale process XX/XX/XXXX and had multiple offers on my home at XXXX XXXX XXXX, XXXX XXXX, MN XXXX. The bank responded to the first offer presented to them as being too low to meet the requirement. They sent me an appraisal with the minimum net offer amount. My realtor then presented them with a 2nd offer on XX/XX/XXXX after several attempts to get them to clarify the net amount. The net amount for the offer was {$120000.00} to begin the negotiation process. The offer was to expire on XX/XX/XXXX. We did not hear anything from the US Bank negotiator until XX/XX/XXXX with a request for bank statements from XXXX XXXX, a Default Resolution XXXX with US Bank. His request for my bank statements went thru my realtor, which I thought was strange. A realtor usually does not collect financial data on its clients. My realtor forwarded the request to me and I sent both XXXX XXXX and XXXX XXXX, who was then my relationship manager at US Bank my bank statements. XXXX sent a confirmation of receipt of my bank statements. However, I never heard back from XXXX XXXX about the offer presented to the bank on XX/XX/XXXX. As the offer expiration approached, my realtor XXXX XXXX and I made several attempts to get some sort of response from the bank. The very motivated buyer extended the offer to XX/XX/XXXX in hopes of getting a response from the bank due to an email received from XXXX XXXX on XXXX stating that the loan review was escalated to senior management and allow 2 weeks for XXXX to be contacted by the negotiator or another XXXX. We never got a response about the offer. The buyer and my realtor then walked away. I sent in a request for a deed-in-lieu of foreclosure on XXXX/XXXX/15 due to the banks failure to respond to offers. I also filed a complaint with their Default Complaints Escalation Center of US Bank Home Mortgage about the offer and the failure to respond to the offer in a timely manner XX/XX/XXXX. I did receive a response from the Default Complaints Escalation Center on XX/XX/XXXX, I received a letter referenced Loss Mitigation Summary Information that stated that my Short Sale was not approved because "" We have yet to receive a sufficient short sale offer that meets program requirements. '' and DIL was "" '' The application did not indicate interest in in pursuing a deed-in-lieu and therefore you were not reviewed '' and it did not mention that US Bank Home Mortgage failed to respond to my last purchase agreement which forced both the buyer and realtor to abandon the offer. 
I have since spoken with several staff at US Bank Home Mortgage who have acknowledged "" dropping the ball ''. However, they have not repaired my credit, nor have they tried to do a "" deed in lieu. '' The repeatly cover up their mistakes and deny any wrong doing on paper. I would like the bank to regulate short sales with big banks. 
",neutral
1865632,"Bank of America sold my loan to XXXX XXXX. I am closing escrow on that property, and I am unable to get my payoff amount from either party, and have been told it could be weeks until that information is available for me. I am in financial straights and need to be able to access my loan payoff amount to close escrow. 
",neutral
1618531,"i paid off my mortgage with bank of america when i refinanced. b of a charged me a {$90.00} "" fax fee, '' which seems ridiculous and unfair. they also charged a {$45.00} "" reconveyance fee '' and a {$14.00} recording fee. i could buy a new fax machine for {$90.00}. this is absurd, outrageous, and i want a full refund for that fee! 

the fees banks and lenders can charge when you payoff their loans should be regulated so that we consumers are not hit by this arbitrary and ridiculous fees that we can not challenge during the payoff process. 

XXXX XXXX XXXX 
",positive
1557314,"I get phone calls/ answering machine messages from Discover Student loans ( I attended Rhode Island XXXX XXXX and when I call the number back it takes me to a cruise sweepstakes I 've won. They also harass me during hours that are n't legal. 
",neutral
1679886,"I am currently working with a mortgage banker with Chase bank and waiting for a closing date. i locked in on a fixed rate back in XXXX that is about to expire after 60days which will be next week. i have provided the mortgage banker all the documents requested in a timely manner. for the past month of XXXX, the banker has told me that they are in the process of verifying my employment. as of Tuesday XXXX/XXXX/15 afternoon, my job 's HR informed me that they have contacted the bank has verified my employment. as of now, i have not heard from my mortgage banker and when asked about any updates, he has not been able to provided me information on the status of my home loan. at this point, i feel that my mortgage banker is giving me the run around and wants the fixed rate to expire next week so that i am forced to pay a penalty and forced to take on a different and higher mortgage rate. what should i do at this time? can you please help me. 
",positive
1311254,"I lost my job and fell behind on my mortgage payments in XXXX and XXXX 2014. I have been making payments since XXXX and Greentree rep told me that they would review my account for deferment program since I was only 2 months behind and had been making steady payments. I sent them the requested documents and called 2 weeks later to find out status. They told me they were missing the hardship letter and also that the pay stubs would now need to be more current. I asked if they needed updated bank statements as well and they told me no. I sent updated pay stubs and the hardship letter again.I called a week later and they told me they got the pay stubs but not the hardship letter and that I had to send it again! They also told me that now they also needed bank statements to be updated because in the delay in receiving all the paperwork. I explained that I did not cause the delay and that I had no control over their companies negligence in losing the same document XXXX times!!! I then asked them why I was not getting anything In writing about this entire matter but lots of other notices involving the default etc. they put me on hold and then never got back on the phone to discuss my concerns. I feel that I am being jerked around and the fact that they are not putting anything in writing about this deferment offer seems suspicious. I do not feel comfortable sending any more documents until I have something in writing stating what is needed and the purpose of such documents because for all I know they may be using them for foreclosure purposes and have no intentions of rectifying this matter. 
",neutral
1412702,"I refinanced my mortgage with Chase. My old mortgage was also with Chase. They were suppose to mail me the entire refund from my escrow account. Instead they only mailed me a check for {$15.00}. They should of sent {$790.00}. I called the loan officer, And went to see him several times. He said he never saw this happen before, And he would call me back. He never calls me back. I also called another person at chase. She said I should have received the total escrow balance of {$790.00}. She never called me back. This has been going on for over 6 weeks. No one at chase will give me any answers. 
",positive
1407751,"I have a mortgage held by M & T Bank XXXX XXXX, N.Y. The loan is FHA. I 've been making payments for 5 years - not a single late payment. Due to an increase in home values in California over the last five years, my LTV is now much less than the 76 % threshold needed to cancel private mortgage insurance. M & T says it wo n't accept an appraisal to verify the current home value and therefore wo n't cancel PMI until the outstanding loan reaches the 76 % ratio solely through principal reductions to the original loan balance This is absurd, given that I could refinance ( but do n't want to ) and a new loan would be based on the home 's appraised value. This practice seems patently unfair. If however, this is law, as they state, then the law needs changing. 
",neutral
1306644,"For the last 8 years I 've been making bi weekly payments exceeding my monthly amount, and when i started i had paid ahead towards my mortgage. Approximately 3 years ago my mortgage was transferred to Ocwen. Early on I started noticing issues with the new servicer. I called and explained what I was doing ( I have had no luck talking to an XXXX call center ). They said that they did n't understand and that payments are due on a certain date, I explained I understood however my method I 'm paying ahead. They would n't accept that. They are holding/suspending my payments at their leisure not applying it to my loan and I 'm losing financially, as they are still applying interest at a rate that is not correct. I 'm getting threating letter that I 'm behind, it has called distrust with my wife if I 'm actually paying the bill, all while I 'm in fact trying to pay ahead on my loan and never has been an issue until the loan was transferred. I understand that loans can get transferred, however I have been paying my account faithfully ( ahead of time ) since I 've purchased my home. Now with the current creditor, i have contacted them many times, i even asked them to look into my situation, and they never responded through phone and only sent me some confusing information. 
",negative
1777240,"This is the second time ( 3rd if you count XXXX XXXX XXXX going into the transfer to Green Tree ) that I have submitted full modification application to either state it was lost or incomplete. The latest and one which generates this complaint comes from Ditech. On XXXX XXXX, XXXX, I received a certified mailing with a letter dated XXXX XXXX, XXXX. Ditech stated they would not be reviewing my application due to my failure to submit the itemized missign docs. This is absolutely untrue. On Juanuar XXXX, XXXX, XXXX Central time, Ditech was sent XXXX doc, a copy of my check stub ( which I sent with the initial package ), copies of my XXXX taxes, and a signed XXXX ( a document I also previously signed ). I have included a fax receipt, the fax took a total of 3:38 seconds to complete teh fax number is XXXX ( as noted on the fax ). I can also obtain independent phone log if Ditech wishes to have additional proof. I am so tired of the runaround from Ditech, it 's obvious they are wanting to foreclose. Ditech also stated, it is my responsibility to call XXXX, my assigned rep. I have advised on countless times, I am hearing impaired, offer alternatives, and seem to be the one making accommodations. Never once have I received any correspondence from XXXX, and I content Ditech is punishing me for having a XXXX. I sending Ditech proof that I submitted the docs, per there portals, and also sending an email, fax, and have uploaded the proof on their website, however previous uploaded docs have disappeared. 
",neutral
1763034,"I attended Georgia XXXX XXXX XXXX ( GA XXXX ) in XXXX, GA from XX/XX/XXXX-XX/XX/XXXX. I have several private student loans and have recently been trying to get my accounts in good standing as I am finally in the position to pay down some of my debts. XX/XX/XXXX I was contacted by a debt collection company, Regional Adjustment Bureau, about a defaulted student loan now owned by XXXX XXXX XXXX. They told me that the loan was a GTAM-MRU loan with an origination date of XXXX XXXX, XXXX. They told me that the balance with all the fees and penalties was {$45000.00}. After months of back and forth, On XXXX XXXX, XXXX, I agreed to settle the debt for {$31000.00}. On XXXX XXXX, XXXX I wired the money to the instructed account. I received a paid letter that the debt had been satisfied. Over the next few month I noticed that none of my MRU loans had been changed on my credit report as "" closed '' or "" settled for less than owed ''. I began to worry and called the collection agency. I was informed that it could take 90 days for this information to change on my credit report. On XXXX XXXX, XXXX I was contact by a different debt collector, XXXX XXXX XXXX XXXX, representing Turnstile Capital Management. They said they were calling to collect on the MRU loan opened at GA XXXX XXXX XXXX, XXXX. They said they would settle the {$26000.00} debt for {$13000.00}. I informed XXXX XXXX that this debt had been paid to a different collection agency on XXXX XXXX, XXXX for much more money than that. I asked them for the loan origination documents. They mailed me the loan origination documents. I also contacted Regional Adjustment and they assured me that the debt had been settled. When I asked for the extreme differences in the amount owned and I was informed that my {$31000.00} payment was for several loans that they had from me. I asked them to specifically indicate which loans they had of mine and where this money had been applied. I have never received those documents. XX/XX/XXXX I was again contacted by XXXX XXXX about this debt. I asked them for a contact number to XXXX XXXX XXXX and they could n't provide XXXX, so I googled them. After calling several numbers I reached a voicemail and was later called by a representative. This representative stated that NO payment had been received from XXXX XXXX and that the account had left their office on XXXX XXXX, XXXX because they had not been able to collect on the payment ; XXXX XXXX was now handling the collection of this debt. After many phones and extreme anger Regional Adjustment Bureau or XXXX XXXX XXXX has not returned my money or called me to discuss this issue. Regional Adjustment was not under contract with XXXX XXXX XXXX to collect this debt on XXXX XXXX, XXXX and therefore the payment MUST be returned. In addition, Regional Adjustment did not accurately report the amount of money I owed and falsely negotiated a settlement that surpassed the debt owed. I am demanding my entire {$3700.00} be returned so I can pay the correct debt collector {$13000.00} and have this mattered settled. 
",positive
1491211,"Nationstar Mortgage company held my mortgage which they purchased from XXXX. On XXXX XXXX this balance was payed off in full. on XXXX XXXX I called Nationstar to inquire when I should expect the release of mortgage/Iien papers and when my county would receive the deed. At that time I was told XXXX days after payoff, which was XXXX, so I should receive release of mortgage in XXXX days. 
On XXXX, I again called them and was told I would receive the paper work in XXXX days, on XXXX XXXX I was told 30 days following payment, which again they said was received XXXX XXXX, so again I was told, inXXXX business days. On XXXX XXXX, I called again and was told my paper work should be received in XXXX business days. On XXXX I went to Nationstar 's online site and filed a form requesting the proper paper work to show the mortgage had been payed off, on XX/XX/XXXX, I received a return memo per e-mail stating they had received my request and should receive the release notification in XXXX business days .As yet I still have NOT received this and am beginning to believe they have lost the the deed, I am tired of this run around. I was given your name by another financial institution. My next step will be to an attorney, I feel that I have been overly patient. Please help. 
",neutral
1307394,"I lost my job XX/XX/XXXX, so we reached out to CitiMortgage for a loan modification. We started the process in XXXX. After fulfilling all their requirements, the modification was completed XX/XX/XXXX. However, their modification was to extend the term by 10 years ; raise the interest rate from XXXX to 4.375 % ; add a deferred XXXX for {$16000.00}, thereby lowering the XXXX mtg. to {$290000.00} ( house only appraised at {$290000.00} ) ; and saving a mere {$190.00} a month. We are in our XXXX and this is the rambler of our dreams. I expressed my concerns about CitiMortgage not putting any "" skin '' into the game, but was told this is the only offer. During the process, their electronic system would issue duplicate notifications requiring signature of receipt which meant several trips to the post office. In addition, the new note, etc. have my name incorrect as a result of their error on the previous HARP loan we did with them. 
",negative
1668622,"I am contacting the CFPB in desperation. Our home is scheduled for foreclosure sale on XXXX/XXXX/2015 and Bayview will not postpone this sale. The reason for hardship was completely out of our control as XXXX is permanently XXXX. I have been out of work because I stay home and care for him as he needs XXXX hour supervision and care. I had been working with Bayview for a loan modification and just today after my loan was transferred to yet another rep. The previous rep told me they were requesting an appraisal as they were refusing to defer 30 % stating my value just happened to be 79.99 % and would need to be over 80 %. After disputing explaining the value is much lower making the LTV closer to 95 %, he was going to request an appraisal. The very next day, a new rep was assigned and a denial letter was issued today, XXXX/XXXX/15. 
",neutral
1496280,"In a recently closed refinance, the lender ( US Bank ) disbursed roughly 23 % less funds than the final HUD lists in box XXXX ( Total Disbursements to Borrower ). I called US Bank as soon as I saw the shortage of disbursed funds and their explanation was that the it was noticed after the loan closing and signing that the originator obtained an incorrect payoff amount and I should understand that human error happens. The change in structure of the financing took place after all final documents were signed, the changes were not disclosed to me, and I was not given an opportunity to exercise my right to cancel if the changes would have been disclosed to me. 
",positive
1797857,"loan officer continually posts Interest rate without APR. I asked for the same Rate and APR since on her XXXX post it only states the PAR conventional Rate and no APR. was told no 
",neutral
1556709,"On Monday, XXXX XXXX, XXXX, I sent a letter in response to a Notice of Collection regarding my mortgage servicer Ocwen attorney. In said letter, I adamantly disputed the validity of the ( amount XXXX unverified but allegedly owed debt, and requested a full disbursement/breakdown of that amount. I requested that the breakdown contain the accrual of interest, late charges, insurance fees, and any other applicable charges. Additionally, I asked for a full tax disbursement dating from XXXX ( or from the inception of the loan ). The property in question had Tax Reductions since XXXX ; so I asked that the following be specifically included:1 ) Disbursement XXXX Town Tax,2 XXXX Disbursement of XXXX School Tax XXXX and3 ) Disbursement of XXXX Tax. 
However, all that I have received to date are Closing Documents dated XXXX XXXX and a package of statements from XXXX and XXXX a huge gap XXXX to XXXX. These do not even slightly correspond to my request, nor do they substantiate the amount allegedly owed. Therefore, I reiterate my need and legal right to see the audit trail and applicable fees that supposedly add up to that exorbitant amount. THIS DEBT IS NOT VALID WITHOUT SUCH VERIFICATION. 

XXXX my disputation of the validity of the debt and my request for corroborative information were timely made ( within the allowed thirty XXXX 30 XXXX day period from receipt of notice ). However, I have not been afforded due diligence and good faith in reply, as I am still waiting for evidence of the debt 's legitimacy. Moreover, I have been notified by lawyer letters on my property in XXXX Court, New York. This action was commenced by your filing Notice of Pendency in XXXX XXXX XXXX XXXX XXXX, for a Foreclosure Notice, which has be given without first proving that it has legal warrant - i.e., I have not received the requested information. Therefore, adherence to regulatory procedures as well as to the standard established by the FAIR DEBT COLLECTION PRACTICES ACT ( "" FDCPA '' ) in this matter has been inadequate and short. 

Accordingly, the law requires that this failure to adequately respond to my request be remedied before any further adverse action is taken. 
",neutral
1487569,"I co-own a property that I took a home equity loan on with Bank of America ( BOA ). The property taxes were supposed to be paid by myself and the other party. I paid my share, they did not. BOA contacted me informing me that taxes must be paid to protect their interest. I was initially given XXXX days to resolve the issue but was told I could call to request an additional XXXX days if needed before they would open an escrow account and pay the taxes. I immediately went to my attorney and went through a refinance of my current property to obtain the funds to pay off the loan so the property taxes would no longer be of concern to BOA and remain the burden of the "" other party ''. I went through a lot to get the refinance done within the additional XXXX days that were granted ( giving me until XXXX XXXX, 2015 ) meetings, paperwork, appraisal and closing costs. When I had the funds available to pay off the loan ( still prior to XXXX XXXX ) I contacted BOA and they told me they went ahead and opened the escrow account and paid the taxes sometime the first week of XXXX! I was shocked and dismayed and was basically told I was out of luck. The burden was now on me and even though I would be paying off the principal amount, a portion would go to the escrow leaving a principal balance still open and therefore not only making me liable for the previous taxes but setting me up to be responsible for any future taxes the other party would likely not be paying as well! My husband is permanently XXXX with XXXX issues and I really can not afford to pay someone else 's bills! Also, we take pride in our good credit and this could ruin us. Their "" XXXX XXXX XXXX '' wo n't even return my calls. 
",neutral
1677889,"We applied for a refinance loan and met all loan criteria, income, ratios, etc. We also paid for an independent appraisal that Ethos Lending chose for us. The appraisal came in at $ XXXX for our home. For whatever reason Ethos chose to get a "" desk review '' of the appraisal. The reviewer did nothing more than look at comps, no visit, nothing but challenged the valuation by the appraiser. The reviewer 's work was shoddy and even Ethos said he was out of line. The first appraisal was in line with other sales in our HOA development and we provided proof of this. But in spite of this, Ethos wanted us to pay to obtain a second appraisal. In the meantime Ethos changed the Good Faith Estimate twice on us from their original amount due to their delays. They are completely out of line to deny us the loan and the truth is they have completely left us hanging and gave us NO written reply as to what was going on. They could have at least said we will approve you for a lessor loan amount. Nothing. No response. 
",negative
1568854,"The payment history of my mortgage account received from BofA has transaction that are questionable. In the history of the account when Countrywide bought my mortgage XX/XX/XXXX for 6 years ( XXXX ) no payments was posted. XX/XX/XXXX was also the month my property tax was due. I did make payments to my mortgage in XX/XX/XXXX for these years that are not posted. 
On XX/XX/XXXX there is a transaction of {$4700.00} that was XXXX back to my mortgage balance. BofA has not provided an explanation for this transaction. 
There is a lien on my property by HUD for an amount of {$7600.00} filed XX/XX/XXXX. The court documents does not state what the loans was for and Bof A has state is a partial payment which they have not provided documentation of this transaction. They can only provide a history of the payments applied to my account. 
There are many missing payment made to my account. 
",neutral
1391356,"I started a request of a loan at end of XXXX 2015. A broker give a rate lock and loan approval, with a XXXX on XXXX XXXX. For external reason not related to me ( was a judge involved as a XXXX was one of the owners ), the closing took more time than expected in the rate lock. I consult my broker and he told me will be no problem to extend the loan with the same rate. On XX/XX/XXXX was the closing and the broker send me a new XXXX ( same day as the closing ), and I found that he remove some discount points ( {$1500.00} ). On the conversations I have with the broker and he never told me or provide ducumentation about the rate extension cost, I also asked him may times if will be a problem and he never communicate the difference of the cost. The relation with the broker felt apart and I have to communicate with the loan company and they investigate. They consult with the broker and the broker told them that he give me the information. I request documentation to validate this, and they never provide it. Please help to resolve it. 
",neutral
1543855,"I am seeking the legal dates of first delinquency on my former XXXX XXXX, now Navient, loans. Navient 's website, my recollection, the Navient phone reps, and my credit reports all disagree. Despite emails to Navient and phone calls and multiple requests to speak with a supervisor, I am given multi-levels of conflicting and inaccurate information. I believe that Navient has purposefully misstated the original delinquency dates in it 's records/credit reports to manipulate me into paying the debts. I am currently paying their collection agency, but some Navient representatives say they do not even have access to the name of the collection agency, that the Navient website no longer works, that the Navient website does n't get updated anymore, that the Navient website is not updated for people in collections, and that the website works fine and there is no reason for someone to have told me that. No one seems to be able to access my records other than to give me inaccurate delinquency dates. I am trying to obtain a legal document in writing detailing my dates of delinquency for each loan. I have tried to reach someone to explain why I think that they have the dates wrong, and to discuss searching for the correct ones, but I have been unable to reach anyone who can help at Navient. Furthermore, I was told repeatedly that I could not speak with a supervisor. Eventually, after arguing my case for getting a supervisor on the phone for an hour, I was transferred to someone 's voicemail that was so garbled, I did not even understand the name of the recipient. I left a detailed message asking for a call back and have not received XXXX. Therefore, I am concerned that said document may be inaccurate anyway and would prefer to discuss live in addition to receiving a written letter ( not an email ). 
",neutral
1788034,"Mortgage company advanced delinquent taxes and raised my fixed rate mortgage without properly notifying me. I have not lived in the property for 5 years and did not receive correspondence to my current address nor was certified mail sent nor a simple phone call. They accepted and cashed my regular monthly payment but held funds in suspense essentially holding the funds then reporting me delinquent. I have brought the loan to a current status however the lender will not correct the derogatory credit reporting. 
",positive
1730347,"To Whom it May Concern : I was sent a letter from my mortgage company with a return address of XXXX XXXX. Inside it mentioned a Bi-Weekly Program that promised to save me interest over time and I believed to be through my mortgage company. I signed up for the program and {$7500.00} was taken out of my debit account in XX/XX/2015. I learned on XX/XX/XXXX via a letter that it was a non-affiliated company, Nationwide BA and that they did not have bank funding to make my XX/XX/XXXX payment. I tried calling the company number provided to get a message, "" We are currently experiencing technical difficulties '' and gave an e-mail address. I tried to e-mail but got an automated response. I have talked to my mortgage company and they received {$6900.00} from this company. Nationwide BA misappropriated {$510.00}. My bank reversed the last {$500.00} that was taken out of my account. I am not asking for the {$15.00} back from Nationwide BA but they are going to send the {$500.00} to collections that was reversed by my bank. When I tried to resolve this matter with XXXX XXXX at the extension provided XXXX XXXX Ext XXXX ) it hangs up. I waited on hold for over an hour and could not speak to a representative. I understand that the CFPB has filed a lawsuit against this company. I feel that this company misrepresented who they were to me on the phone. 
",neutral
1689755,"Ditech Mortgage is calling my work number and my cell phone number at least XXXX times a day, and hanging up ( my current payment is within the 15 day grace period allowed ). 
",negative
1677203,"I refinanced with PennyMac in XX/XX/XXXX. I signed up for bi weekly payments in order to reduce interest and shorten the term of my loan by making an extra payment every year. In XX/XX/XXXX, I requested that they suspend a payment so I can keep the principal only payment. The payments continued to come out of my account. As of XX/XX/XXXX, the bank has mismanaged my payments and suspended payments causing multiple problems with my account. My principal and interest payments are incorrect and the account still has n't been resolved as of today, XX/XX/XXXX. I spoke with multiple reps, but just started keeping track of reps that I spoke to. On XX/XX/XXXX, I spoke to XXXX at ext XXXX. Then on XXXX XXXX, I received a collection call from XXXX requesting a payment. Then I received a collection letter dated XXXX stating my XX/XX/XXXX payment was never received even though I am on a bi-weekly payment plan. Then I called on XXXX XXXX and spoke with XXXX at ext XXXX who said she would request a complete analysis of my account from the first payment. I had a scheduled payment that was supposed to come out on XX/XX/XXXX that has not come out yet. As of now I am paid up for the month of XXXX, yet my account is still in the collections department. 
",positive
